new serial,Old Serial,Deployment Stage,LATEST serial,NEW Serial,OLD Serial,Title,Note,,Key,Item Type,Publication Year,Author,Publication Title,ISBN,ISSN,DOI,Url,Abstract Note,Date,Date Added,Date Modified,Access Date,Pages,Num Pages,Issue,Volume,Number Of Volumes,Journal Abbreviation,Short Title,Series,Series Number,Series Text,Series Title,Publisher,Place,Language,Rights,Type,Archive,Archive Location,Library Catalog,Call Number,Extra,Notes,File Attachments,Link Attachments,Manual Tags,Automatic Tags,Editor,Series Editor,Translator,Contributor,Attorney Agent,Book Author,Cast Member,Commenter,Composer,Cosponsor,Counsel,Interviewer,Producer,Recipient,Reviewed Author,Scriptwriter,Words By,Guest,Number,Edition,Running Time,Scale,Medium,Artwork Size,Filing Date,Application Number,Assignee,Issuing Authority,Country,Meeting Name,Conference Name,Court,References,Reporter,Legal Status,Priority Numbers,Programming Language,Version,System,Code,Code Number,Section,Session,Committee,History,Legislative Body
1,1,Novel Index Design (Research Prototype),1,1,13,Learned Indexes with Distribution Smoothing via Virtual Points,,,RG24YGHP,journalArticle,2025,"Amarasinghe, K; Choudhury, F; Qi, J; arXiv, J Bailey - arXiv preprint; 2024, undefined",arxiv.org,,,,https://arxiv.org/abs/2408.06134,"Recent research on learned indexes has created a new perspective for indexes as models that map keys to their respective storage locations. These learned indexes are created to approximate the cumulative distribution function of the key set, where using only a single model may have limited accuracy. To overcome this limitation , a typical method is to use multiple models, arranged in a hierarchical manner, where the query performance depends on two aspects: (i) traversal time to find the correct model and (ii) search time to find the key in the selected model. Such a method may cause some key space regions that are difficult to model to be placed at deeper levels in the hierarchy. To address this issue, we propose an alternative method that modifies the key space as opposed to any structural or model modifications. This is achieved through making the key set more learnable (i.e., smoothing the distribution) by inserting virtual points. Furthermore, we develop an algorithm named CSV to integrate our virtual point insertion method into existing learned indexes, reducing both their traversal and search time. We implement CSV on state-of-the-art learned indexes and evaluate them on real-world datasets. Extensive experimental results show significant query performance improvement for the keys in deeper levels of the index structures at a low storage cost. CCS Concepts • Information systems → Data access methods.",2025,2025-12-21 21:43:52,2025-12-21 21:43:52,,,,,1,,,,,,,,,,,,,,,,,,,,,Distribution smoothing; Index optimisation; Learned indexes,,,,,,,,,,,,,,,,,,,,,,,,,,,,,,,,,,,,,,,,,,,,,,,
2,2,Novel Index Design (Research Prototype),2,2,33,Kanva: A Lock-free Learned Search Data Structure,,,23WR79HZ,journalArticle,2024,"Bhardwaj, Gaurav; Chatterjee, Bapi; Sharma, Abhinav; Peri, Sathya; Nayak, Siddharth",dl.acm.org,,9798400708428,10.1145/3673038.3673082,https://dl.acm.org/doi/abs/10.1145/3673038.3673082,"Lock-free concurrent data structures offer throughput with scalability and guarantees for the completion of operations on multicore computers. Recently, queries using machine learning models trained to predict the data distribution have gained remarkable attention. Yet, to our knowledge, no existing lock-free data structure employs them. This paper introduces a lock-free search structure that supports concurrent updates, membership, and range queries accelerated by a shallow hierarchy of lightweight machine learning models. The proposed approach significantly outperforms the current state-of-the-art lock-free data structures in many workload and data distribution settings. Ours is the first provably linearizable learned lock-free concurrent range search index.",2024-08,2025-12-21 21:43:53,2025-12-21 21:43:53,,252-261,,,,,,,,,,,,,,,,,,,,Publisher: Association for Computing Machinery,,,,concurrent data structures; learned index; lock-free; non-blocking,,,,,,,,,,,,,,,,,,,,,,,,,,,,,,,,,,,,,,,,,,,,,,,
3,71,Novel Index Design (Research Prototype),71,71,457,TONE: cutting tail-latency in learned indexes,,,N2RHMAP7,journalArticle,2022,"Zhang, Yong; Xiong, Xinran; Balmau, Oana",dl.acm.org,,9781450392099,10.1145/3503646.3524295,https://dl.acm.org/doi/abs/10.1145/3503646.3524295,"Low memory footprint and tail latency are important in indexing for data management systems. Learned indexes have been gaining popularity in recent years due to their low memory overhead, and adaptability to fluctuations in workloads. However, state-of-The-Art learned indexes are optimized for read-heavy workloads where the key access distribution is relatively stable, and thus exhibit high tail latency for insertions. Our main observation is that high insertion tail latency stems from structural modification operations in the index, such as node expansions and splits. Based on this insight, we propose a new tail-latency optimized learned index we call TONE. TONE has a novel node layout for leaves and adaptable policies for triggering structural modification operations. Moreover, TONE provides a shard-based mechanism to boost parallelism, while minimizing contention. We evaluate the insertion tail-latency and overall throughput of TONE and provide a comprehensive comparison to state-of-The-Art indexes such as skiplists (used in RocksDB) and existing learned indexes. We show that TONE reduces the 99p write tail-latency up to one order of magnitude and has a low memory use.",2022-04,2025-12-21 21:44:04,2025-12-21 21:44:04,,16-23,,,,,,,,,,,,,,,,,,,,"Publisher: Association for Computing Machinery, Inc",,,,learned index; indexing; tail latency,,,,,,,,,,,,,,,,,,,,,,,,,,,,,,,,,,,,,,,,,,,,,,,
4,4,System Integration,4,4,46,Limousine: Blending learned and classical indexes to self-design larger-than-memory cloud storage engines,,,H4ZVES9B,journalArticle,2024,"Chatterjee, S; Pekala, MF; …, L Kruglyak - Proceedings of the ACM; 2024, undefined",dl.acm.org,,,10.1145/3639302,https://dl.acm.org/doi/abs/10.1145/3639302?casa_token=otJeSeEzUAwAAAAA:gbI_m8JAKNvcz3c6hNC9SlElpGhCoj0ecJSmOL7t25Ch9yXdqLyvQs2yNbZwGHxNw3wjX5QRjtjkrz4,"We present Limousine, a self-designing key-value storage engine, that can automatically morph to the near-optimal storage engine architecture shape given a workload, a cloud budget, and target performance. At its core, Limousine identifies the fundamental design principles of storage engines as combinations of learned and classical data structures that collaborate through algorithms for data storage and access. By unifying these principles over diverse hardware and three major cloud providers (AWS, GCP, and Azure), Limousine creates a massive design space of quindecillion (1048) storage engine designs the vast majority of which do not exist in literature or industry. Limousine contains a distribution-aware IO model to accurately evaluate any candidate design. Using these models, Limousine searches within the exhaustive design space to construct a navigable continuum of designs connected along a Pareto frontier of cloud cost and performance. If storage engines contain learned components, Limousine also introduces efficient lazy write algorithms to optimize the holistic read-write performance. Once the near-optimal design is decided for the given context, Limousine automatically materializes the corresponding design in Rust code. Using the YCSB benchmark, we demonstrate that storage engines automatically designed and generated by Limousine scale better by up to 3 orders of magnitude when compared with state-of-the-art industry-leading engines such as RocksDB, WiredTiger, FASTER, and Cosine, over diverse workloads, data sets, and cloud budgets.",2024-03,2025-12-21 21:43:53,2025-12-21 21:43:53,,1-28,,1,2,,,,,,,,,,,,,,,,,Publisher: Association for Computing Machinery (ACM),,,,,,,,,,,,,,,,,,,,,,,,,,,,,,,,,,,,,,,,,,,,,,,,,,,
5,5,Novel Index Design (Research Prototype),80,80,400,Updatable learned index with precise positions,Foundational paper,,MZ93HS56,journalArticle,,"Wu, J; Zhang, Y; Chen, S; Wang, J; …, Y Chen - arXiv preprint arXiv; 2021, undefined",arxiv.org,,,,https://arxiv.org/abs/2104.05520,"Recent work on learned index opens a new research direction for index structures. By exploiting the data distribution , a read-only learned index can achieve much better time and space performance than B+-Trees. A number of recent studies propose enhanced learned index structures that provide various levels of support for insertions and deletions. Among them, ALEX, an updatable adaptive learned index, provides the most comprehensive support, allowing on-the-fly insertions and dynamically adjusting the index structure similar to the B+-Tree. In this paper, we study learned index from a new perspective, trying to understand how ALEX performs on Non-Volatile Main Memory (NVM). We analyze the insertion behaviors of ALEX and experimentally evaluate its performance on a real machine equipped with Intel Optane DC Persistent Memory. We find that learning data distributions in learned index makes it feasible to create very large leaf nodes, and reduce the tree height drastically for better search performance. However, this design choice causes a large number of NVM writes for insertion operations, even for the well optimized ALEX design.",,2025-12-21 21:44:02,2025-12-21 21:44:02,,,,,,,,,,,,,,,,,,,,,,,,,,,,,,,,,,,,,,,,,,,,,,,,,,,,,,,,,,,,,,,,,,,,,,,,,
6,6,System Integration,79,79,581,HL-LSM: A LSM-Tree Combined with Read Hotness and Learned Index,,,3JI3VK6H,conferencePaper,2024,H. Tan; H. Li; X. Wang; W. Huang; R. Huang; S. Deng; J. Wu,2024 IEEE International Conference on Big Data (BigData),2573-2978,,10.1109/BigData62323.2024.10825283,,"Log-Structured Merge Tree (LSM-Tree) is widely employed in key-value (kv) store owing to its exceptional performance in write-intensive workloads. LSMTree appends kv pairs to memory initially, and only when the memory capacity reaches a threshold does it flush the data to disk. However, in comparison to write, read operations often entail more disk access, resulting in relatively a slower response speed. Although LSM-Tree utilizes an index structure to expedite read operations, its performance enhancement remains limited. In addition, LSM-Tree fails to consider the read hotness of each sorted string table (SSTable) during compaction, leading to significant fluctuations in performance. This paper introduces HL-LSM, a novel LSM-Tree. HL-LSM utilizes learned index to replace original index to save system overhead and improve read performance. Moreover, a lightweight read hotness statistics is devised to optimize the compaction and assess the feasibility of each SSTable in constructing a learned index. In order to evaluate the performance of HL-LSM, we constructed a system prototype, HLDB, based on WiscKey. Experiment demonstrates that in read-intensive scenarios, HLDB is able to reduce the overall system latency by nearly 10% compared to WiscKey. Furthermore, it was observed that the optimization effect of HL-LSM improves as the variance of hotness value distribution increases.",2024-12-15,2025-12-21 19:21:46,2025-12-21 19:21:46,,3992-3999,,,,,,,,,,,,,,,,,,,,Journal Abbreviation: 2024 IEEE International Conference on Big Data (BigData),,,,Big Data; Compaction; compaction optimization; Fluctuations; Indexes; learned index; LSM-Tree; Optimization; Prototypes; read hotness; System performance,,,,,,,,,,,,,,,,,,,,,,,,,,,,,,,,2024 IEEE International Conference on Big Data (BigData),,,,,,,,,,,,,,,
7,7,System Integration,78,78,567,From LeanStore to LearnedStore: Using a Learned Index to Improve Database Index Search,,,TVGE2K9M,conferencePaper,2023,S. Maharjan; S. Zhao; C. Zhong; S. Jiang,2023 International Conference on High Performance Big Data and Intelligent Systems (HDIS),,,10.1109/HDIS60872.2023.10499467,,"In the realm of database systems, optimizing B+-tree index performance is of paramount importance to overall database performance. LeanStore, a high-performance OLTP storage engine, has extensively optimized its in-memory B+-tree component as well as its B+-tree -indexed database on the disk. However, B+-tree's lookup time increases linearly with the tree height. This is especially problematic when all or part of its lookup path is on the disk. Recently proposed learned index technique has the potential to significantly improve the performance of the B+-tree -based index by predicting location of the search key, instead of the level-by-Ievel path walk. However, this machine-learning-model-based index has prediction errors that require a local search within the sorted keys. When the keys are on the disk, this search can be very expensive. The errors increase with write requests, which makes the search increasingly more expensive. We propose LearnedStore, in which the learned index technique is leveraged to improve the LeanStore database while the deterioration of learned-index's search performance is curbed. Instead of replacing the B+-tree index in LeanStore, Learned-Store opportunistically employs a learned index when it offers a performance advantage over the B+-tree index. Otherwise, it reverts to using the B+-tree index. By seamlessly integrating the learned index with LeanStore's B+-tree structure, LearnedStore takes advantage of the learned index while effectively addressing its challenges. We have implemented LearnedStore and exten-sively evaluated its performance. Experiment results show that LearnedStore improves throughput by up to 2.29 times for read-only workloads when the index and data set are all in memory. It reduces tail latency by up to 6.84 times when the index and data set are partially in the memory. Even when the entire index and data set are on the disk, LearnedStore can improve startup time by 3.05 times.",2023-12-06,2025-12-21 19:21:45,2025-12-21 19:21:45,,162-169,,,,,,,,,,,,,,,,,,,,Journal Abbreviation: 2023 International Conference on High Performance Big Data and Intelligent Systems (HDIS),,,,Big Data; Bs+-tree; Databases; Indexes; Indexing Techniques; Intelligent systems; key-value database; LeanStore; Learned Index Structures; Machine Learning; Performance Optimization; Tail; Throughput; Vegetation,,,,,,,,,,,,,,,,,,,,,,,,,,,,,,,,2023 International Conference on High Performance Big Data and Intelligent Systems (HDIS),,,,,,,,,,,,,,,
8,8,Novel Index Design (Research Prototype),77,77,497,Learned index for non-key queries,,,IWAKQDBV,journalArticle,2025,"Zhu, Rui; Wang, Hongzhi; Xia, Sheng; Zheng, Bo",Knowledge and Information Systems,,,10.1007/S10115-024-02233-0,,"Learned indexes have attracted a lot of interest lately due to their superior performance over conventional indexes. When there is a lot of data traffic, the learned index efficiently addresses the issue of the standard index’s large memory usage. In this paper, we concentrate on a well-known learned index, the recursive model index (RMI). Since the machine learning model is unbiased while calculating, when there are too many non-key queried, the model will calculate the position of the key as if it were positive key, which wastes a lot of time on unnecessary calculations. To deal with this condition, we propose a hierarchical learned index structure based on Bloom filter named HBFdex. HBFdex can effectively prune non-keys, which means most non-key return in layer of BF before they get to machine learning model. By lowering the number of layers traversed by non-key and the time spent looking for non-key within the error bound that is provided by machine learning model, HBFdex decreases the average query time of learned index. We compare HBFdex with B-Tree and RMI, and the results prove that our new structure optimizes the performance of RMI in the case of non-key queries.",2025-01,2025-12-21 19:32:29,2025-12-21 19:32:29,,497-519,,1,67,,,,,,,,,,,,,,,,,Publisher: Springer Science and Business Media Deutschland GmbH,,,,Bloom filter; Index; Learned index; Non-key query,,,,,,,,,,,,,,,,,,,,,,,,,,,,,,,,,,,,,,,,,,,,,,,
9,9,System Integration,76,76,491,{HiDPU}: A {DPU-Oriented} Hybrid Indexing Scheme for Disaggregated Storage Systems,,,LJNKTZ7X,journalArticle,,"Zhu, W; Shen, Z; Wei, Q; Chen, R; Yao, X; …, D Yu - … USENIX Conference on; 2025, undefined",usenix.org,,978-1-939133-45-8,,https://www.usenix.org/conference/fast25/presentation/zhu,"Data Processing Units (DPUs) have been deployed in disaggregated storage systems to accelerate data transmission. However, in this paper, we observe that during data access in disaggregated storage, the address translation process incurs significant CPU computation overhead and leads to high system latency. Additionally, in large-scale storage systems, the address indexing structures also consume substantial memory space, incurring high costs. To address these challenges, we propose HiDPU, a DPU-oriented hybrid indexing scheme optimized for disaggregated storage systems. Our solution introduces a multi-level indexing structure to alleviate the limitations of DPU memory resources, constrained computational power, and the high DPU-host interaction overhead. Mapping entries for the storage space are divided into different kinds of segments (i.e., accurate, PTHash, and LPTHash) to leverage address continuity. A layered learned index is constructed across these segments to enhance memory efficiency. To further reduce DPU-host interactions, small upper-layer indexes and frequently accessed metadata are maintained on the DPU, limiting interactions to a single instance. HiDPU also implements a two-phase asynchronous index update strategy to ensure index consistency between the DPU and host memory, while minimizing performance overhead. Experimental results on Huawei's Hi1823 DPU demonstrate that HiDPU achieves up to 92% memory savings and improves query performance by up to 6.3× compared to existing solutions.",,2025-12-21 21:44:05,2025-12-21 21:44:05,,,,,,,,,,,,,,,,,,,,,,,,,,,,,,,,,,,,,,,,,,,,,,,,,,,,,,,,,,,,,,,,,,,,,,,,,
10,10,Novel Index Design (Research Prototype),10,10,69,"Towards Optimizing Learned Index for High Performance, Memory Efficiency and NUMA Awareness",,,78CFNDAI,journalArticle,2025,"Cui, Lixiao; Yang, Kedi; Li, Yusen; Wang, Gang; Liu, Xiaoguang",dl.acm.org,,9798400711961,10.1145/3736168,https://dl.acm.org/doi/abs/10.1145/3736168,"Learned indexes provide significant performance advantages over classical ordered indexes. However, current learned indexes face challenges regarding tradeoffs between performance and space, as well as scalability issues in platforms with multiple NUMA nodes. These limitations hinder the practical application of learned indexes in production environments. This article presents DiffLex, a learned index with high-performance, memory-efficiency, and NUMA-awareness. The core design of DiffLex is to perform differentiated management based on the popularity of data. For optimal performance, DiffLex stores newly inserted data in sparse delta arrays and frequently accessed data in sparse hot cache arrays. However, for cold data that occupy a majority of the storage space, DiffLex stores them in dense arrays and conducts compression to reduce memory costs. DiffLex ensures NUMA-awareness by partitioning sparse deltas and replicating the hot cache arrays across multiple NUMA nodes. Additionally, we propose a persistent version of DiffLex tailored for emerging persistent memory devices. Our evaluation results demonstrate that DiffLex achieving 3.88× and 1.82× performance improvements compared to state-of-the-art learned indexes, while maintaining a compact index size.",2025-09,2025-12-21 21:43:54,2025-12-21 21:43:54,,17-17,,3,22,,,,,,,,,,,,,,,,,Publisher: Association for Computing Machinery,,,,compression; Learned index; non-volatile memory; NUMA awareness,,,,,,,,,,,,,,,,,,,,,,,,,,,,,,,,,,,,,,,,,,,,,,,
11,11,System Integration,75,80,602,LCKV: Learner-Cleaner Optimized Adaptive Key-Value Separated LSM-Tree Store,,,EZD5UHG3,conferencePaper,2024,M. Liu; J. Gu; T. Zhao,2024 IEEE 42nd International Conference on Computer Design (ICCD),2576-6996,,10.1109/ICCD63220.2024.00079,,"Persistent key-value store based on LSM-trees represents one of the most advanced designs. Recent research shows that key-value separation has become a popular optimization method for LSM-tree. However, this storage architecture still incurs significant overhead when dealing with some query- and update-intensive workloads. In this paper, we propose $\text{LC}\text{KV}$, a key-value separated LSM-tree storage system built using the $\underline{L}earner-\underline{C}leaner$ optimization to increase throughput. Learner represents the construction of learned indexes to increase query throughput, responsible for building models for the hot-readcold-written keys stored in the LSM-tree and values stored in the cold-written $\mathrm{v}\text{alue logs}$ (vLogs). Cleaner represents the garbage $\mathrm{c}\text{ollector}$ (GC) aimedat increasing update throughput, responsible not only for garbage collection but also for maintaining the sorting of the cold-written vLog. Evaluations show that LCKV outperforms other state-of-the-art solutions.",2024-11-18,2025-12-21 19:21:47,2025-12-21 19:21:47,,479-482,,,,,,,,,,,,,,,,,,,,Journal Abbreviation: 2024 IEEE 42nd International Conference on Computer Design (ICCD),,,,Architecture; Buildings; Computer architecture; Garbage collection; Indexes; Key-value separation; Key-value store; Learned index; LSM-tree; Optimization methods; Sorting; Throughput,,,,,,,,,,,,,,,,,,,,,,,,,,,,,,,,2024 IEEE 42nd International Conference on Computer Design (ICCD),,,,,,,,,,,,,,,
12,70,Novel Index Design (Research Prototype),70,70,456,HIRE: A Hybrid Learned Index for Robust and Efficient Performance under Mixed Workloads,,,8WMWEQTM,journalArticle,2025,"Zhang, Xinyi; Liang, Liang; Ailamaki, Anastasia; Xu, Jianliang",,,,10.26190/unsworks/31222,https://arxiv.org/pdf/2511.21307,"Indexes are critical for efficient data retrieval and updates in modern databases. Recent advances in machine learning have led to the development of learned indexes, which model the cumulative distribution function of data to predict search positions and accelerate query processing. While learned indexes substantially outperform traditional structures for point lookups, they often suffer from high tail latency, suboptimal range query performance, and inconsistent effectiveness across diverse workloads. To address these challenges, this paper proposes HIRE, a hybrid in-memory index structure designed to deliver efficient performance consistently. HIRE combines the structural and performance robustness of traditional indexes with the predictive power of model-based prediction to reduce search overhead while maintaining worst-case stability. Specifically, it employs (1) hybrid leaf nodes adaptive to varying data distributions and workloads, (2) model-accelerated internal nodes augmented by log-based updates for efficient updates, (3) a nonblocking, cost-driven recalibration mechanism for dynamic data, and (4) an inter-level optimized bulk-loading algorithm accounting for leaf and internal-node errors. Experimental results on multiple real-world datasets demonstrate that HIRE outperforms both state-of-the-art learned indexes and traditional structures in range-query throughput, tail latency, and overall stability. Compared to state-of-the-art learned indexes and traditional indexes, HIRE achieves up to 41.7$\times$ higher throughput under mixed workloads, reduces tail latency by up to 98% across varying scenarios.",2025-11,2025-12-21 21:44:04,2025-12-21 21:44:04,,2025-2037,,,,,,,,,,,,,,,,,,,,,,,,,,,,,,,,,,,,,,,,,,,,,,,,,,,,,,,,,,,,,,,,,,,,,,,
13,13,Novel Index Design (Research Prototype),13,98,691,Bounding the Last Mile: Efficient Learned String Indexing,,,Z65B4D9K,journalArticle,2021,"Spector, Benjamin; Kipf, Andreas; Vaidya, Kapil; Wang, Chi; Minhas, Umar Farooq; Kraska, Tim",,,,,https://arxiv.org/pdf/2111.14905,"We introduce the RadixStringSpline (RSS) learned index structure for efficiently indexing strings. RSS is a tree of radix splines each indexing a fixed number of bytes. RSS approaches or exceeds the performance of traditional string indexes while using 7-70$\times$ less memory. RSS achieves this by using the minimal string prefix to sufficiently distinguish the data unlike most learned approaches which index the entire string. Additionally, the bounded-error nature of RSS accelerates the last mile search and also enables a memory-efficient hash-table lookup accelerator. We benchmark RSS on several real-world string datasets against ART and HOT. Our experiments suggest this line of research may be promising for future memory-intensive database applications.",2021-11,2025-12-23 8:25:04,2025-12-23 8:25:04,,,,,,,,,,,,,,,,,,,,,,,,,,,,,,,,,,,,,,,,,,,,,,,,,,,,,,,,,,,,,,,,,,,,,,,,,
14,14,Novel Index Design (Research Prototype),14,14,90,BLI: A High-performance Bucket-based Learned Index with Concurrency Support,,,LY5ZCZUI,journalArticle,2025,"Dong, Huibing; Wang, Wenlong; Liu, Chun; Du, David",,,,,https://arxiv.org/pdf/2502.10597,"Learned indexes are promising to replace traditional tree-based indexes. They typically employ machine learning models to efficiently predict target positions in strictly sorted linear arrays. However, the strict sorted order 1) significantly increases insertion overhead, 2) makes it challenging to support lock-free concurrency, and 3) harms in-node lookup/insertion efficiency due to model inaccuracy.\ In this paper, we introduce a \textit{Bucket-based Learned Index (BLI)}, which is an updatable in-memory learned index that adopts a ""globally sorted, locally unsorted"" approach by replacing linear sorted arrays with \textit{Buckets}. BLI optimizes the insertion throughput by only sorting Buckets, not the key-value pairs within a Bucket. BLI strategically balances three critical performance metrics: tree fanouts, lookup/insert latency for inner nodes, lookup/insert latency for leaf nodes, and memory consumption. To minimize maintenance costs, BLI performs lightweight bulk loading, insert, node scaling, node split, model retraining, and node merging adaptively. BLI supports lock-free concurrency thanks to the unsorted design with Buckets. Our results show that BLI achieves up to 2.21x better throughput than state-of-the-art learned indexes, with up to 3.91x gains under multi-threaded conditions.",2025-02,2025-12-21 21:43:55,2025-12-21 21:43:55,,,,,,,,,,,,,,,,,,,,,,,,,,,,,,,,,,,,,,,,,,,,,,,,,,,,,,,,,,,,,,,,,,,,,,,,,
15,15,Foundational Proposal,15,15,100,The PGM-index: a fully-dynamic compressed learned index with provable worst-case bounds,Foundational paper,,V7EZZ4ZN,journalArticle,2020,"Ferragina, P; Endowment, G Vinciguerra",dl.acm.org,,,10.14778/3389133.3389135,https://dl.acm.org/doi/abs/10.14778/3389133.3389135?casa_token=NyUggZyAdEQAAAAA:ilcCUtTEUEH0Ose4_hCXlyBoGcVac3DW9_JpECFazE7hZVaChfHUtTVki_CtUhGaoKEmI5pDZgMD240,"We present the first learned index that supports predeces-sor, range queries and updates within provably efficient time and space bounds in the worst case. In the (static) context of just predecessor and range queries these bounds turn out to be optimal. We call this learned index the Piecewise Geometric Model index (PGM-index). Its exible design allows us to introduce three variants which are novel in the context of learned data structures. The first variant of the PGM-index is able to adapt itself to the distribution of the query operations, thus resulting in the first known distribution-aware learned index to date. The second vari-ant exploits the repetitiveness possibly present at the level of the learned models that compose the PGM-index to fur-ther compress its succinct space footprint. The third one is a multicriteria variant of the PGM-index that efficiently auto-tunes itself in a few seconds over hundreds of millions of keys to satisfy space-time constraints which evolve over time across users, devices and applications. These theoretical achievements are supported by a large set of experimental results on known datasets which show that the fully-dynamic PGM-index improves the space oc-cupancy of existing traditional and learned indexes by up to three orders of magnitude, while still achieving their same or even better query and update time efficiency. As an exam-ple, in the static setting of predecessor and range queries, the PGM-index matches the query performance of a cache-opti-mised static B+-tree within two orders of magnitude (83x) less space; whereas in the fully-dynamic setting, where inser-tions and deletions are allowed, the PGM-index improves the query and update time performance of a B+-tree by up to 71% within three orders of magnitude (1140x) less space.",2020-04,2025-12-21 21:43:55,2025-12-21 21:43:55,,1162-1175,,8,13,,,,,,,,,,,,,,,,,Publisher: VLDB Endowment,,,,,,,,,,,,,,,,,,,,,,,,,,,,,,,,,,,,,,,,,,,,,,,,,,,
16,16,Novel Index Design (Research Prototype),16,16,101,On nonlinear learned string indexing,,,HM7IN7R3,journalArticle,,"Ferragina, P; Frasca, M; Access, GC Marinò - IEEE; 2023, undefined",ieeexplore.ieee.org,,,,https://ieeexplore.ieee.org/abstract/document/10184017/,,,2025-12-21 21:43:55,2025-12-21 21:43:55,,,,,,,,,,,,,,,,,,,,,,,,,,,,,,,,,,,,,,,,,,,,,,,,,,,,,,,,,,,,,,,,,,,,,,,,,
17,17,Novel Index Design (Research Prototype),17,97,688,UpLIF: An Updatable Self-Tuning Learned Index Framework,,,IGSZWMHI,journalArticle,2024,"San Martín, Daniel; Manzano, | Carlos; Vieira De Camargo, Valter",,,,,https://arxiv.org/pdf/2408.04113,"The emergence of learned indexes has caused a paradigm shift in our perception of indexing by considering indexes as predictive models that estimate keys' positions within a data set, resulting in notable improvements in key search efficiency and index size reduction; however, a significant challenge inherent in learned index modeling is its constrained support for update operations, necessitated by the requirement for a fixed distribution of records. Previous studies have proposed various approaches to address this issue with the drawback of high overhead due to multiple model retraining. In this paper, we present UpLIF, an adaptive self-tuning learned index that adjusts the model to accommodate incoming updates, predicts the distribution of updates for performance improvement, and optimizes its index structure using reinforcement learning. We also introduce the concept of balanced model adjustment, which determines the model's inherent properties (i.e. bias and variance), enabling the integration of these factors into the existing index model without the need for retraining with new data. Our comprehensive experiments show that the system surpasses state-of-the-art indexing solutions (both traditional and ML-based), achieving an increase in throughput of up to 3.12 times with 1000 times less memory usage.",2024-08,2025-12-23 8:25:04,2025-12-23 8:25:04,,,,,,,,,,,,,,,,,,,,,,,,,,cs.CY,,,,,,,,,,,,,,,,,,,,,,,,,,,,,,,,,,,,,,,,,,,,,,,
18,18,Novel Index Design (Research Prototype),18,18,111,SALI: A scalable adaptive learned index framework based on probability models,uses LIPP,,SZ6SI4G8,journalArticle,2023,"Ge, Jiake; Zhang, Huanchen; Shi, Boyu; Luo, Yuanhui; Guo, Yunda; Chai, Yunpeng; Chen, Yuxing; Pan, Anqun",dl.acm.org,,,10.1145/3626752,https://dl.acm.org/doi/abs/10.1145/3626752?casa_token=It_pftsqmYQAAAAA:zTACtULxofdcCOLBX-heCj2LfWspOYVYGbwKKjXMUqsJTBs92ls2Li0JXrXm_5TxtJ2ga3w2J41qwIc,"The growth in data storage capacity and the increasing demands for high performance have created several challenges for concurrent indexing structures. One promising solution is the learned index, which uses a learning-based approach to fit the distribution of stored data and predictively locate target keys, significantly improving lookup performance. Despite their advantages, prevailing learned indexes exhibit constraints and encounter issues of scalability on multi-core data storage.This paper introduces SALI, the Scalable Adaptive Learned Index framework, which incorporates two strategies aimed at achieving high scalability, improving efficiency, and enhancing the robustness of the learned index. Firstly, a set of node-evolving strategies is defined to enable the learned index to adapt to various workload skews and enhance its concurrency performance in such scenarios. Secondly, a lightweight strategy is proposed to maintain statistical information within the learned index, with the goal of further improving the scalability of the index. Furthermore, to validate their effectiveness, SALI applied the two strategies mentioned above to the learned index structure that utilizes fine-grained write locks, known as LIPP. The experimental results have demonstrated that SALI significantly enhances the insertion throughput with 64 threads by an average of 2.04x compared to the second-best learned index. Furthermore, SALI accomplishes a lookup throughput similar to that of LIPP+.",2023-12,2025-12-21 21:43:55,2025-12-21 21:43:55,,1-25,,4,1,,,,,,,,,,,,,,,,,Publisher: Association for Computing Machinery (ACM),,,,adaptive structure; concurrency structure; learned index; probability models,,,,,,,,,,,,,,,,,,,,,,,,,,,,,,,,,,,,,,,,,,,,,,,
19,19,Novel Index Design (Research Prototype),19,19,115,Chameleon: Towards Update-Efficient Learned Indexing for Locally Skewed Data,,,W4Z56LYN,journalArticle,,"Guo, Na; Wang, Yaqi; Sun, Wenli; Gu, Yu; Qi, Jianzhong; Liu, Zhenghao; Xia, Xiufeng; Yu, Ge",ieeexplore.ieee.org,,,,https://ieeexplore.ieee.org/abstract/document/10597777/,"Recently, learned indexes are assisting and are being adopted to replace traditional indexes for their low memory usage and high query performance. However, existing learned indexes suffer in query efficiency when dealing with locally skewed data distributions which may be caused or exacerbated by ubiquitous updates. Frequent model retraining and reconstruction is required under this circumstance. To address this issue, we present Chameleon, an adaptive learned index for locally skewed data especially in the context of frequent updates. We propose a metric for measuring local skewness, based on which we employ Multi-Agent Reinforcement Learning to assist in locating locally skewed regions and optimizing index structures. Additionally, to reduce the blocking time caused by index model retraining, we propose a lightweight lock named the Interval Lock to achieve a non-blocking retraining. Extensive experiments demonstrate that, without costing more memory, Chameleon outperforms the state-of-the-art learned indexes by up to 3.75× and 4.37× in lookup times for read-only and mixed workloads, respectively, and it accelerates update processing by up to 2.92×.",,2025-12-21 21:43:55,2025-12-21 21:43:55,,,,,,,,,,,,,,,,,,,,,,,,,,Frequent Updates; Index Terms-Learned Index; Locally Skewed Data; Multi-Agent Reinforcement Learning,,,,,,,,,,,,,,,,,,,,,,,,,,,,,,,,,,,,,,,,,,,,,,,
20,20,System Integration,20,20,131,DobLIX: A Dual-Objective Learned Index for Log-Structured Merge Trees,rocksDB,,ZKJBAQMI,journalArticle,2025,"Heidari Huawei, Alireza; Ahmadi Huawei, Amirhossein; Zhang Huawei, Wei; Heidari, Alireza; Ahmadi, Amirhossein; Zhang DobLIX, Wei",arxiv.org,,,10.14778/3749646.3749667,https://arxiv.org/abs/2502.05369,"In this paper, we introduce DobLIX, a dual-objective learned index (LI) specifically designed for Log-Structured Merge (LSM) tree-based key-value stores. Traditional LIs primarily focus on optimizing index lookups, often overlooking the critical role of data access from storage, which can become a significant performance bottleneck. In LSM-based systems, a considerable portion of the index is stored on disk, making lookups highly dependent on the efficient coordination between in-memory structures and disk-resident data. Poorly optimized access patterns can lead to excessive I/O operations, negatively impacting read latency and overall system performance. DobLIX addresses this by incorporating a second objective , data access optimization, into the LI training process. This dual-objective approach ensures that both index lookup efficiency and data access costs are minimized, leading to significant improvements in read performance while maintaining write efficiency in real-world LSM systems. Additionally, DobLIX features a reinforcement learning agent that dynamically tunes the system parameters, allowing it to adapt to varying workloads in real-time. Experimental results using real-world datasets demonstrate that DobLIX reduces indexing overhead and improves throughput by 1.19× to 2.21× compared to state-of-the-art methods within RocksDB, a widely used LSM-based storage engine.",2025,2025-12-21 21:43:56,2025-12-21 21:43:56,,3965-3978,,11,18,,,,,,,,,,,,,,,,,Publisher: VLDB Endowment,,,,cs.DB; cs.LG; math.OC,,,,,,,,,,,,,,,,,,,,,,,,,,,,,,,,,,,,,,,,,,,,,,,
21,21,Foundational Proposal,21,21,185,The case for learned index structures,Foundational paper,,N53KQYSR,journalArticle,2018,"Kraska, Tim; Beutel, Alex; Chi, Ed H.; Dean, Jeffrey; Polyzotis, Neoklis",dl.acm.org,,9781450317436,10.1145/3183713.3196909,https://dl.acm.org/doi/abs/10.1145/3183713.3196909,"Indexes are models: a B-Tree-Index can be seen as a model to map a key to the position of a record within a sorted array, a Hash-Index as a model to map a key to a position of a record within an unsorted array, and a BitMap-Index as a model to indicate if a data record exists or not. In this exploratory research paper, we start from this premise and posit that all existing index structures can be replaced with other types of models, including deep-learning models, which we term learned indexes. We theoretically analyze under which conditions learned indexes outperform traditional index structures and describe the main challenges in designing learned index structures. Our initial results show that our learned indexes can have significant advantages over traditional indexes. More importantly, we believe that the idea of replacing core components of a data management system through learned models has far reaching implications for future systems designs and that this work provides just a glimpse of what might be possible.",2018-05,2025-12-21 21:43:57,2025-12-21 21:43:57,,489-504,,,,,,,,,,,,,,,,,,,,Publisher: Association for Computing Machinery,,,,CCS CONCEPTS •; Data structures; Information systems →,,,,,,,,,,,,,,,,,,,,,,,,,,,,,,,,,,,,,,,,,,,,,,,
22,22,Novel Index Design (Research Prototype),74,74,485,SLIPP: a space-efficient learned index for string keys,,,AH88ZXHH,journalArticle,2024,"Zhou, W; Conference, S Yang - Proceedings of the 2024 6th International; 2024, undefined",dl.acm.org,,9798400718069,10.1145/3686540.3686550,https://dl.acm.org/doi/abs/10.1145/3686540.3686550?casa_token=gKxGxu7ClMAAAAAA:8vLy8DComNPVn2apTrxF5oJEPEcITUKYrESd9raMzlz00cdtaL_f6AaOsEaF9pxjtjkmmQEwrgUM39U,"Efficient indexing structures are crucial for high-performance data access in in-memory data management systems. Traditional indexing methods, while effective in specific scenarios, often struggle with variable-length string keys and range queries. This paper presents the String Learned Index with Precise Positions (SLIPP), an enhancement of the Learned Index with Precise Positions (LIPP) that incorporates trie-based methodologies. By integrating trie characteristics with the predictive capabilities of a simple univariate linear regression model, SLIPP aims to optimize the handling of string keys, significantly reducing memory usage and improving lookup speeds. Our evaluation, utilizing the TLI experimental framework, demonstrates SLIPP's effectiveness in rapid lookups and highlights its adaptability to datasets featuring long common prefixes. Although SLIPP encounters challenges with intricate data distributions, its approach to string key indexing, building on the foundation of LIPP and incorporating trie features, offers a promising avenue for enhancing database systems to manage large datasets more efficiently and with lower space requirements.",2024-05,2025-12-21 21:44:05,2025-12-21 21:44:05,,69-77,,,,,,,,,,,,,,,,,,,,Publisher: Association for Computing Machinery,,,,Learned index; In-memory; String; • Data structures,,,,,,,,,,,,,,,,,,,,,,,,,,,,,,,,,,,,,,,,,,,,,,,
23,23,Novel Index Design (Research Prototype),23,23,188,A fully on-disk updatable learned index,,,GER8ATAG,journalArticle,,"Lan, H; Bao, Z; …, JS Culpepper - 2024 IEEE 40th; 2024, undefined",ieeexplore.ieee.org,,,,https://ieeexplore.ieee.org/abstract/document/10598156/,"Recent work on learned index opens a new research direction for index structures. By exploiting the data distribution , a read-only learned index can achieve much better time and space performance than B+-Trees. A number of recent studies propose enhanced learned index structures that provide various levels of support for insertions and deletions. Among them, ALEX, an updatable adaptive learned index, provides the most comprehensive support, allowing on-the-fly insertions and dynamically adjusting the index structure similar to the B+-Tree. In this paper, we study learned index from a new perspective, trying to understand how ALEX performs on Non-Volatile Main Memory (NVM). We analyze the insertion behaviors of ALEX and experimentally evaluate its performance on a real machine equipped with Intel Optane DC Persistent Memory. We find that learning data distributions in learned index makes it feasible to create very large leaf nodes, and reduce the tree height drastically for better search performance. However, this design choice causes a large number of NVM writes for insertion operations, even for the well optimized ALEX design.",,2025-12-21 21:43:57,2025-12-21 21:43:57,,,,,,,,,,,,,,,,,,,,,,,,,,,,,,,,,,,,,,,,,,,,,,,,,,,,,,,,,,,,,,,,,,,,,,,,,
66,66,Novel Index Design (Research Prototype),66,66,450,Revisiting learned index with byte-addressable persistent storage,,,XFB4YV54,journalArticle,2024,"Zhang, Rui; Huang, Yukai; Liang, Sicheng; Sun, Shangyi; Ma, Shaonan; Huan, Chengying; Chen, Lulu; Lu, Zhihui; Xu, Yang; Yan, Ming; Wu, Jie",dl.acm.org,,9798400708428,10.1145/3673038.3673113,https://dl.acm.org/doi/abs/10.1145/3673038.3673113,"Byte-addressable Persistent Storage (BPS), such as persistent memory and CXL-enabled SSDs, has become an extension of main memory. This opens up new possibilities for indexes that operate and persist data directly on the memory bus. Recent learned indexes exploit data distribution and have shown great potential for some workloads. Despite some work proposed for integrating learned indexes into BPS, they are mainly based on Intel's first-generation persistent memory. The current design suffers from the following problems: 1) Excessive storage line accesses due to large node in learned indexes; 2) Inefficient concurrency control due to volatile cache; 3) Write amplification due to mismatch access granularity. To resolve these challenges, we introduce a new learned index named PFLX, featuring three key design improvements: 1) a Storage Line-Friendly Node Layout that enhances search and insertion operations and minimizes storage line accesses through strategic use of pointers; 2) a Persistent Cache-based Lock-free Concurrency Mechanism that utilizes atomic primitives to serialize operations in leaf nodes effectively; 3) a Selective Data Flush Mechanism designed to reduce write amplification. Evaluations show that PFLX outperforms the state-of-the-art persistent indexes by 1.2 ~3 ×.",2024-08,2025-12-21 21:44:04,2025-12-21 21:44:04,,929-938,,,,,,,,,,,,,,,,,,,,Publisher: Association for Computing Machinery,,,,Learned Index; Byte-addressable Persistent Storage; CXL; Persistent Memory,,,,,,,,,,,,,,,,,,,,,,,,,,,,,,,,,,,,,,,,,,,,,,,
25,25,Novel Index Design (Research Prototype),25,25,194,FINEdex: a fine-grained learned index scheme for scalable and concurrent memory systems,,,MJ89TZEN,journalArticle,2021,"Li, Pengfei; Hua, Yu; Jia, Jingnan; Zuo, Pengfei",dl.acm.org,,,10.14778/3489496.3489512,https://dl.acm.org/doi/abs/10.14778/3489496.3489512?casa_token=4C-CI4WTq48AAAAA:tZWP6h9oKm27fGjuNdgg9BZDN37rPKc8Jgm5h4SQGwg0ZebOf7ROkyMISu98UwuR8c04nVL8-jxYdd0,"Index structures in memory systems become important to improve the entire system performance. The promising learned indexes leverage deep-learning models to complement existing index structures and obtain significant performance improvements. Existing schemes rely on a delta-buffer to support the scalability, which however incurs high overheads when a large number of data are inserted, due to the needs of checking both learned indexes and extra delta-buffer. The practical system performance also decreases since the shared delta-buffer quickly becomes large and requires frequent retraining due to high data dependency. To address the problems of limited scalability and frequent retraining, we propose a FINE-grained learned index scheme with high scalability, called FINEdex, which constructs independent models with a flattened data structure (i.e., the data arrays with low data dependency) under the trained data array to concurrently process the requests with low overheads. By further efficiently exploring and exploiting the characteristics of the workloads, FINEdex processes the new requests in-place with the support of non-blocking retraining, hence adapting to the new distributions without blocking the systems. We evaluate FINEdex via YCSB and real-world datasets, and extensive experimental results demonstrate that FINEdex improves the performance respectively by up to 1.8× and 2.5× than state-of-the-art XIndex and Masstree. We have released the open-source codes of FINEdex for public use in GitHub.",2021,2025-12-21 21:43:57,2025-12-21 21:43:57,,321-334,,2,15,,,,,,,,,,,,,,,,,Publisher: VLDB Endowment,,,,,,,,,,,,,,,,,,,,,,,,,,,,,,,,,,,,,,,,,,,,,,,,,,,
26,26,System Integration,26,26,195,A Fast Learned Key-Value Store for Concurrent and Distributed Systems,,,TXS7XV3A,journalArticle,2023,"Li, P; Hua, Y; Jia, J; Knowledge, P Zuo - IEEE Transactions on; 2023, undefined",ieeexplore.ieee.org,,9783893180882,10.48786/edbt.2023.19,https://ieeexplore.ieee.org/abstract/document/10292900/,"Efficiently managing and querying sliding windows is a key component in stream processing systems. Conventional index structures such as the B+Tree are not efficient for handling a stream of time-series data, where the data is very dynamic, and the indexes must be updated on a continuous basis. Stream processing structures such as queues can accommodate large volumes of updates (enqueue and dequeue); however, they are not efficient for fast retrieval. This paper proposes FLIRT, a parameter-free index structure that manages a sliding window over a high-velocity stream of data and simultaneously supports efficient range queries on the sliding window. FLIRT uses learned indexing to reduce the lookup time. This is enabled by organising the incoming stream of time-series data into linearly predictable segments, allowing fast queue operations such as enqueue, dequeue, and search. We further boost the search performance by introducing two multithreaded versions of FLIRT for different query workloads. Experimental results show up to 7× speedup over conventional indexes, 8× speedup over queues, and up to 109× speedup over learned indexes .",2023,2025-12-21 21:43:57,2025-12-21 21:43:57,,,,,,,,,,,,,,,,,,,,,,,,,,,,,,,,,,,,,,,,,,,,,,,,,,,,,,,,,,,,,,,,,,,,,,,,,
27,27,Novel Index Design (Research Prototype),27,27,196,DILI: A distribution-driven learned index,,,JHQ6HSF3,journalArticle,2023,"Li, Pengfei; Lu, Hua; Zhu, Rong; Ding, Bolin; Yang, Long; Pan, Gang",dl.acm.org,,,10.14778/3598581.3598593,https://dl.acm.org/doi/abs/10.14778/3598581.3598593?casa_token=ddNaFzY3YqYAAAAA:j1StCrarF-S5g3A0ETmF9kM9zvM7xD-vbRI03maamH0sYySkkUvic4-dDtEM8yPsh2Xr9TbZB2G6UWs,"Targeting in-memory one-dimensional search keys, we proposea novel DIstribution-driven Learned Index tree (DILI), where aconcise and computation-efficient linear regression model is usedfor each node. An internal node’s key range is equally divided by itschild nodes such that a key search enjoys perfect model predictionaccuracy to find the relevant leaf node. A leaf node uses machine learning models to generate searchable data layout and thus accurately predicts the data record position for a key. To construct DILI, we first build a bottom-up tree with linear regression models according to global and local key distributions. Using the bottom-up tree, we build DILI in a top-down manner, individualizing the fanouts for internal nodes according to local distributions. DILI strikes a good balance between the number of leaf nodes and the height of the tree, two critical factors of key search time. Moreover, wedesign flexible algorithms for DILI to efficiently insert and delete keys and automatically adjust the tree structure when necessary. Extensive experimental results show that DILI outperforms the state-of-the-art alternatives on different kinds of workloads.",2023,2025-12-21 21:43:57,2025-12-21 21:43:57,,2212-2224,,9,16,,,,,,,,,,,,,,,,,Publisher: VLDB Endowment,,,,,,,,,,,,,,,,,,,,,,,,,,,,,,,,,,,,,,,,,,,,,,,,,,,
28,28,Foundational Proposal,73,81,606,ALEX: An Updatable Adaptive Learned Index,Foundational paper,,B3575AE6,journalArticle,2020,"Ding, Jialin; Minhas, Umar Farooq; Yu, Jia; Wang, Chi; Do, Jaeyoung; Li, Yinan; Zhang, Hantian; Chandramouli, Badrish; Gehrke, Johannes; Kossmann, Donald; Lomet, David; Kraska, Tim",Proceedings of the ACM SIGMOD International Conference on Management of Data,,9781450367356,10.1145/3318464.3389711,,"Recent work on ""learned indexes"" has changed the way we look at the decades-old field of DBMS indexing. The key idea is that indexes can be thought of as ""models"" that predict the position of a key in a dataset. Indexes can, thus, be learned. The original work by Kraska et al. shows that a learned index beats a B+ tree by a factor of up to three in search time and by an order of magnitude in memory footprint. However, it is limited to static, read-only workloads. In this paper, we present a new learned index called ALEX which addresses practical issues that arise when implementing learned indexes for workloads that contain a mix of point lookups, short range queries, inserts, updates, and deletes. ALEX effectively combines the core insights from learned indexes with proven storage and indexing techniques to achieve high performance and low memory footprint. On read-only workloads, ALEX beats the learned index from Kraska et al. by up to 2.2X on performance with up to 15X smaller index size. Across the spectrum of read-write workloads, ALEX beats B+ trees by up to 4.1X while never performing worse, with up to 2000X smaller index size. We believe ALEX presents a key step towards making learned indexes practical for a broader class of database workloads with dynamic updates.",2020-06,2025-12-21 20:03:10,2025-12-21 20:03:10,,969-984,,,,,,,,,,,,,,,,,,,,Publisher: Association for Computing Machinery,,,,access methods; B+ tree; learned data structures; learned indexes,,,,,,,,,,,,,,,,,,,,,,,,,,,,,,,,,,,,,,,,,,,,,,,
29,29,Novel Index Design (Research Prototype),29,93,666,Sig2Model: A Boosting-Driven Model for Updatable Learned Indexes,,,KV5435KI,journalArticle,2025,"Lan, Hai; Bao, Zhifeng; Culpepper, J Shane; Borovica-Gajic, Renata; Dong, Yu",,,,,https://arxiv.org/pdf/2509.20781,"Learned Indexes (LIs) represent a paradigm shift from traditional index structures by employing machine learning models to approximate the cumulative distribution function (CDF) of sorted data. While LIs achieve remarkable efficiency for static datasets, their performance degrades under dynamic updates: maintaining the CDF invariant (sum of F(k) equals 1) requires global model retraining, which blocks queries and limits the queries-per-second (QPS) metric. Current approaches fail to address these retraining costs effectively, rendering them unsuitable for real-world workloads with frequent updates. In this paper, we present Sig2Model, an efficient and adaptive learned index that minimizes retraining cost through three key techniques: (1) a sigmoid boosting approximation technique that dynamically adjusts the index model by approximating update-induced shifts in data distribution with localized sigmoid functions while preserving bounded error guarantees and deferring full retraining; (2) proactive update training via Gaussian mixture models (GMMs) that identifies high-update-probability regions for strategic placeholder allocation to speed up updates; and (3) a neural joint optimization framework that continuously refines both the sigmoid ensemble and GMM parameters via gradient-based learning. We evaluate Sig2Model against state-of-the-art updatable learned indexes on real-world and synthetic workloads, and show that Sig2Model reduces retraining cost by up to 20x, achieves up to 3x higher QPS, and uses up to 1000x less memory.",2025-09,2025-12-23 8:25:02,2025-12-23 8:25:02,,,,,,,,,,,,,,,,,,,,,,,,,,,,,,,,,,,,,,,,,,,,,,,,,,,,,,,,,,,,,,,,,,,,,,,,,
30,30,System Integration,30,30,210,SWIX: A memory-efficient sliding window learned index,,,ZSFVCMZE,journalArticle,2024,"Liang, L; Yang, G; Hadian, A; …, LA Croquevielle - Proceedings of the ACM; 2024, undefined",dl.acm.org,,10.1145/3639296,10.1145/3639296,https://dl.acm.org/doi/abs/10.1145/3639296,"Data stream processing systems enable querying over sliding windows of streams of data. Efficient index structures for the streaming window are a crucial building block to enable querying the sliding window for operations such as aggregation and joins. This paper proposes SWIX, a novel memory-efficient learned index for sliding windows. Unlike conventional learned indexes that rely on tree structures to achieve logarithmic query cost, SWIX has a flat structure that uses substantially less memory and enables efficient query execution while having a low cost for index maintenance when inserting (and retraining). SWIX dynamically adapts itself to the real-time distribution shifts of data streams.SWIX outperforms existing indexes in terms of query execution time and memory footprint for workloads characterized by very frequent updates. Our results show that SWIX has a significantly smaller memory footprint than conventional, streaming, and learned indexes, using only 22% to 42% of the size compared to state-of-the-art approaches, yet outperforming them by up 1.2× to 1.6× on average (and up to 52×) in terms of query time, making it a space- and time-efficient method for indexing data streams. For concurrent learned indexes, Parallel SWIX can achieve up to 3.45× throughput with only 34% of memory consumption.",2024-03,2025-12-21 21:43:57,2025-12-21 21:43:57,,1-26,,1,2,,,,,,,,,,,,,,,,,Publisher: Association for Computing Machinery (ACM),,,,at structure; automatic tuning; CCS Concepts: • Information systems → Data structures Additional Key Words and Phrases: learned index; lightweight structure; parallel structure; streaming processing; update heavy ACM Reference Format:; window-based query,,,,,,,,,,,,,,,,,,,,,,,,,,,,,,,,,,,,,,,,,,,,,,,
31,31,Novel Index Design (Research Prototype),31,31,216,G-learned index: Enabling efficient learned index on GPU,GPU-Based,,4HIZANNN,journalArticle,2024,"Liu, Jiesong; Zhang, Feng; Lu, Lv; Qi, Chang; Guo, Xiaoguang; Deng, Dong; Li, Guoliang; Zhang, Huanchen; Zhai, Jidong; Member, Senior; Zhang, Hechen; Chen, Yuxing; Pan, Anqun; Du, Xiaoyong; Zhang Jiesong Liu, Feng",ieeexplore.ieee.org,,,10.1109/TPDS.2024.3381214,https://ieeexplore.ieee.org/abstract/document/10489837/,"AI and GPU technologies have been widely applied to solve Big Data problems. The total data volume worldwide reaches 200 zettabytes in 2022. How to efficiently index the required content among massive data becomes serious. Recently, a promising learned index has been proposed to address this challenge: It has extremely high efficiency while retaining marginal space overhead. However, we notice that previous learned indexes have mainly focused on CPU architecture, while ignoring the advantages of GPU. Because traditional indexes like B-Tree, LSM, and bitmap have greatly benefited from GPU acceleration, a combination of a learned index and GPU has great potentials to reach tremendous speedups. In this paper, we propose a GPU-based learned index, called G-Learned Index, to significantly improve the performance of learned index structures. The primary challenges in developing G-Learned Index lie in the use of thousands of GPU cores including minimization of synchronization and branch divergence, data structure design for parallel operations, and usage of memory bandwidth including limited memory transactions and multi-memory hierarchy. To overcome these challenges, a series of novel technologies are developed, including efficient thread organization, succinct data structures, and heterogeneous memory hierarchy utilization. Compared to the state-of-the-art learned index, the proposed G-Learned Index achieves an average of 174× speedup (and 107× of its parallel version). Meanwhile, we attain 2× less query time over the state-of-the-art GPU B-Tree. Our further exploration of range queries shows that G-Learned Index is 17× faster than CPU multi-dimensional learned index.",1905-07,2025-12-21 21:43:58,2025-12-21 21:43:58,,,,6,35,,,,,,,,,,,,,,,,,,,,,acceleration; GPU; parallel; Index Terms-Learned index,,,,,,,,,,,,,,,,,,,,,,,,,,,,,,,,,,,,,,,,,,,,,,,
32,32,Novel Index Design (Research Prototype),32,32,217,A Data-aware Learned Index Scheme for Efficient Writes,,,2V7Y5PH7,journalArticle,2022,"Liu, Li; Li, Chunhua; Zhang, Zhou; Liu, Yuhan; Zhou, Ke; Zhang, Ji",dl.acm.org,,9781450397339,10.1145/3545008.3545077,https://dl.acm.org/doi/abs/10.1145/3545008.3545077?casa_token=-5iV0hTf_vcAAAAA:RvQFvAvYIrM5FlabIp_eNVBVLNXJIXSK3pJzX2Iqj5Afuz_pf9BibgP2T86yy0tYUzMGYC97ezUVtoE,"Index structure is very important for efficient data access and system performance in the storage system. Learned index utilizes recursive index models to replace range index structure (such as B+ Tree) so as to predict the position of a lookup key in a dataset. This new paradigm greatly reduces query time and index size, however it only supports read-only workloads. Although some studies reserve gaps between keys for new data to support update, they incur high memory space and shift cost when a large number of data are inserted. In this paper, we propose a data-aware learned index scheme with high scalability, called EWALI, which constructs index models based on a lightweight data-aware data partition algorithm. When the data distribution changes, EWALI can automatically split the related leaf nodes and retrain the corresponding models to accommodate different workloads. In addition, EWALI designs an alternative duel buffers to handle new data and adopts the delayed update mechanism to merge data, greatly reducing write locking and improving write performance. We evaluate EWALI with real-world and synthetic datasets. Extensive experimental results show that EWALI reduces write latency respectively by 60.9% and 33.7% than state-of-the-art Fitting-Tree and XIndex, and achieves up to 3.1 × performance improvement in terms of range query comparing with XIndex.",2022-08,2025-12-21 21:43:58,2025-12-21 21:43:58,,,,,,,,,,,,,,,,,,,,,,Publisher: Association for Computing Machinery,,,,Index; Data Partition; Data-aware Model; Updating,,,,,,,,,,,,,,,,,,,,,,,,,,,,,,,,,,,,,,,,,,,,,,,
33,69,Novel Index Design (Research Prototype),69,69,455,COLIN: A cache-conscious dynamic learned index with high read/write performance,,,34Y2MR5B,journalArticle,2021,"Zhang, Zhou; Jin, Pei Quan; Wang, Xiao Liang; Lv, Yan Qi; Wan, Shou Hong; Xie, Xi Ke",Springer,,,10.1007/S11390-021-1348-2,https://link.springer.com/article/10.1007/s11390-021-1348-2,"The recently proposed learned index has higher query performance and space efficiency than the conventional B+-tree. However, the original learned index has the problems of insertion failure and unbounded query complexity, meaning that it supports neither insertions nor bounded query complexity. Some variants of the learned index use an out-of-place strategy and a bottom-up build strategy to accelerate insertions and support bounded query complexity, but introduce additional query costs and frequent node splitting operations. Moreover, none of the existing learned indices are cache-friendly. In this paper, aiming to not only support efficient queries and insertions but also offer bounded query complexity, we propose a new learned index called COLIN (Cache-cOnscious Learned INdex). Unlike previous solutions using an out-of-place strategy, COLIN adopts an in-place approach to support insertions and reserves some empty slots in a node to optimize the node’s data placement. In particular, through model-based data placement and cache-conscious data layout, COLIN decouples the local-search boundary from the maximum error of the model. The experimental results on five workloads and three datasets show that COLIN achieves the best read/write performance among all compared indices and outperforms the second best index by 18.4%, 6.2%, and 32.9% on the three datasets, respectively.",2021-07,2025-12-21 21:44:04,2025-12-21 21:44:04,,721-740,,4,36,,,,,,,,,,,,,,,,,Publisher: Springer,,,,learned index; cache-conscious; dynamic index; insertion; read/write performance,,,,,,,,,,,,,,,,,,,,,,,,,,,,,,,,,,,,,,,,,,,,,,,
34,34,Foundational Proposal,34,91,662,RadixSpline: A single-pass learned index,,no models compared,KHB3IUZM,journalArticle,2020,"Kipf, Andreas; Marcus, Ryan; Van Renen, Alexander; Stoian, Mihail; Kemper, Alfons; Kraska, Tim; Neumann, Thomas","Proceedings of the 3rd International Workshop on Exploiting Artificial Intelligence Techniques for Data Management, aiDM 2020",,9781450380294,10.1145/3401071.3401659,https://arxiv.org/pdf/2004.14541,"Recent research has shown that learned models can outperform state-of-the-art index structures in size and lookup performance. While this is a very promising result, existing learned structures are often cumbersome to implement and are slow to build. In fact, most approaches that we are aware of require multiple training passes over the data. We introduce RadixSpline (RS), a learned index that can be built in a single pass over the data and is competitive with state-of-the-art learned index models, like RMI, in size and lookup performance. We evaluate RS using the SOSD benchmark and show that it achieves competitive results on all datasets, despite the fact that it only has two parameters.",2020-06,2025-12-23 8:25:02,2025-12-23 8:25:02,,,,,,,,,,,,,,,,,,,,,,"Publisher: Association for Computing Machinery, Inc",,,,,,,,,,,,,,,,,,,,,,,,,,,,,,,,,,,,,,,,,,,,,,,,,,,
35,35,Novel Index Design (Research Prototype),35,35,239,APEX: A High-Performance Learned Index on Persistent Memory,Foundational paper,,MGKXCS23,journalArticle,2021,"Lu, Baotong; Ding, Jialin; Lo, Eric; Minhas, Umar Farooq; Wang, Tianzheng",Proceedings of the VLDB Endowment,,2105.00683v3,10.14778/3494124.3494141,https://arxiv.org/pdf/2105.00683,"The recently released persistent memory (PM) offers high performance, persistence, and is cheaper than DRAM. This opens up new possibilities for indexes that operate and persist data directly on the memory bus. Recent learned indexes exploit data distribution and have shown great potential for some workloads. However, none support persistence or instant recovery, and existing PM-based indexes typically evolve B+-trees without considering learned indexes. This paper proposes APEX, a new PM-optimized learned index that offers high performance, persistence, concurrency, and instant recovery. APEX is based on ALEX, a state-of-the-art updatable learned index, to combine and adapt the best of past PM optimizations and learned indexes, allowing it to reduce PM accesses while still exploiting machine learning. Our evaluation on Intel DCPMM shows that APEX can perform up to ∼15× better than existing PM indexes and can recover from failures in ∼42ms.",1905-07,2025-12-21 21:43:58,2025-12-21 21:43:58,,597-610,,3,15,,,,,,,,,,,,,,,,,Publisher: VLDB Endowment,,,,,,,,,,,,,,,,,,,,,,,,,,,,,,,,,,,,,,,,,,,,,,,,,,,
36,36,System Integration,36,36,249,Film: A fully learned index for larger-than-memory databases,,,6FHSVPEX,journalArticle,2022,"Ma, Chaohong; Yu, Xiaohui; Li, Yifan; Meng, Xiaofeng; Maoliniyazi, Aishan",dl.acm.org,,,10.14778/3570690.3570704,https://dl.acm.org/doi/abs/10.14778/3570690.3570704?casa_token=1VMq6oP670YAAAAA:TUvr9Z_sxWQw1IphoPGVQx3gKvkMZIeulUpgX64XYhbTAPYvpO4XuV0JkMg6EYMwLat1EAH_Qi66R-w,"As modern applications generate data at an unprecedented speed and often require the querying/analysis of data spanning a large duration, it is crucial to develop indexing techniques that cater to larger-than-memory databases, where data reside on heterogeneous storage devices (such as memory and disk), and support fast data insertion and query processing. In this paper, we propose FILM, a Fully learned Index for Larger-than-Memory databases. FILM is a learned tree structure that uses simple approximation models to index data spanning different storage devices. Compared with existing techniques for larger-than-memory databases, such as anti-caching, FILM allows for more efficient query processing at significantly lower main-memory overhead. FILM is also designed to effectively address one of the bottlenecks in existing methods for indexing larger-than-memory databases that is caused by data swapping between memory and disk. More specifically, updating the LRU (for Least Recently Used) structure employed by existing methods for cold data identification (determining the data to be evicted to disk when the available memory runs out) often incurs significant delay to query processing. FILM takes a drastically different approach by proposing an adaptive LRU structure and piggybacking its update onto query processing with minimal overhead. We thoroughly study the performance of FILM and its components on a variety of datasets and workloads, and the experimental results demonstrate its superiority in improving query processing performance and reducing index storage overhead (by orders of magnitudes) compared with applicable baselines.",2022-11,2025-12-21 21:43:59,2025-12-21 21:43:59,,561-573,,3,16,,,,,,,,,,,,,,,,,Publisher: VLDB Endowment,,,,,,,,,,,,,,,,,,,,,,,,,,,,,,,,,,,,,,,,,,,,,,,,,,,
37,37,Novel Index Design (Research Prototype),37,37,264,RUSLI: real-time updatable spline learned index,radixspline,no models compared,YURG4BTF,journalArticle,2021,"Mishra, M; Workshop, R Singhal - Proceedings of the Fourth International; 2021, undefined",dl.acm.org,,9781450385350,10.1145/3464509.3464886,https://dl.acm.org/doi/abs/10.1145/3464509.3464886?casa_token=lmbFeRpbuo8AAAAA:aT2HwPn2S9qvhAqB1tTybvTXS1Y5ArWw_wZiKhO6nSsYC5TxmCV0JBQ88s3MhJ4aEHT2l31Re5aOm3Y,"Machine learning algorithms have accelerated data access through ĝlearned index', where a set of data items is indexed by a model learned on the pairs of data key and the corresponding record's position in the memory. Most of the learned indexes require retraining of the model for new data insertions in the data set. The retraining is expensive and takes as much time as the model training. So, today, learned indexes are updated by retraining on batch inserts to amortize the cost. However, real-time applications, such as data-driven recommendation applications need to access users' feature store in real-time both for reading data of existing users and adding new users as well. This motivates us to present a real-time updatable spline learned index, RUSLI, by learning the distribution of data keys with their positions in memory through splines. We have extended RadixSpline [8] to build the updatable learned index while supporting real-time inserts in a data set without affecting the lookup time on the updated data set. We have shown that RUSLI can update the index in constant time with an additional temporary memory of size proportional to the number of splines. We have discussed how to reduce the size of the presented index using the distribution of spline keys while building the radix table. RULSI is shown to incur 270ns for lookup and 50ns for insert operations. Further, we have shown that RUSLI supports concurrent lookup and insert operations with a throughput of 40 million ops/sec. We have presented and discussed performance numbers of RUSLI for single and concurrent inserts, lookup, and range queries on SOSD [9] benchmark.",2021-06,2025-12-21 21:43:59,2025-12-21 21:43:59,,1-8,,,,,,,,,,,,,,,,,,,,"Publisher: Association for Computing Machinery, Inc",,,,Learned index; Real-time inserts; Spline-based index,,,,,,,,,,,,,,,,,,,,,,,,,,,,,,,,,,,,,,,,,,,,,,,
38,38,Novel Index Design (Research Prototype),38,38,265,LOFT: A Lock-free and Adaptive Learned Index with High Scalability for Dynamic Workloads,,,GZP55TZC,journalArticle,2025,"Mo, Y; on, Y Hua - Proceedings of the Twentieth European Conference; 2025, undefined",dl.acm.org,,9798400711961,10.1145/3689031.3717458,https://dl.acm.org/doi/abs/10.1145/3689031.3717458?casa_token=8LJKUaTf0A8AAAAA:kvpZOiNlih4F6dljkuboRBp8kI-1-VvFSr1BnKxZfD3FpwysHrWdxqoKf66K-PBqtQcZfRRCNTXFuwg,"In order to mitigate memory overheads and reduce data movements in the critical path, a computational and space-efficient learned index is promising to deliver high performance and complement traditional index structures, which unfortunately works well only in static workloads. In dynamic workloads, the learned indexes incur performance degradation with poor scalability due to inefficient data placement for newly inserted items and intensive lock contention. Furthermore, the model retraining is time-consuming and blocking, which hampers the performance of index operations. In order to meet the needs of dynamic workloads and efficient retraining, we propose LOFT, a highly scalable and adaptive learned index with lock-free design and self-tuning retraining technique to provide high throughput and low latency. LOFT enables all index operations to be concurrently executed in a lock-free manner by using Compare- and-Swap (CAS) primitive and an expanded learned bucket to handle the overflowed data. To minimize the impact of model retraining, LOFT leverages a shadow node to serve the clients’ requests and accelerates the retraining process with the aid of index operations. To accommodate dynamic workloads, LOFT determines when and how to perform retraining based on inferred access patterns. Our extensive evaluation on YCSB and real-world workloads demonstrates that LOFT effectively improves the performance by up to 14× than state-of-the-art designs.",2025-03,2025-12-21 21:43:59,2025-12-21 21:43:59,,475-491,,,25,,,,,,,,,,,,,,,,,"Publisher: Association for Computing Machinery, Inc",,,,learned index; concurrency control; dynamic workload,,,,,,,,,,,,,,,,,,,,,,,,,,,,,,,,,,,,,,,,,,,,,,,
39,39,System Integration,39,39,296,AStore: Uniformed Adaptive Learned Index and Cache for RDMA-Enabled Key-Value Store,cloud based," transformed ALEX from a single-machine index into a distributed, concurrent, and RDMA-optimized model.",QABZ2YUA,journalArticle,,"Qiao, P; Zhang, Z; Li, Y; Yuan, Y; …, S Wang - … on Knowledge and; 2024, undefined",ieeexplore.ieee.org,,,,https://ieeexplore.ieee.org/abstract/document/10402111/,,,2025-12-21 21:44:00,2025-12-21 21:44:00,,,,,,,,,,,,,,,,,,,,,,,,,,,,,,,,,,,,,,,,,,,,,,,,,,,,,,,,,,,,,,,,,,,,,,,,,
40,40,Novel Index Design (Research Prototype),40,40,298,An Empirical Study of Segmented Linear Regression Search in LevelDB,,,IC7BLK55,journalArticle,,"Ramadhan, AR; Choi, M; Chung, Y; Electronics, J Choi -; 2023, undefined",mdpi.com,,,,https://www.mdpi.com/2079-9292/12/4/1018,,,2025-12-21 21:44:00,2025-12-21 21:44:00,,,,,,,,,,,,,,,,,,,,,,,,,,,,,,,,,,,,,,,,,,,,,,,,,,,,,,,,,,,,,,,,,,,,,,,,,
41,68,Novel Index Design (Research Prototype),68,68,454,PLIN: A persistent learned index for non-volatile memory with high performance and instant recovery,,,DYEY7GQL,journalArticle,2022,"Zhang, Zhou; Chu, Zhaole; Jin, Peiquan; Luo, Yongping; Xie, Xike; Wan, Shouhong; Luo, Yun; Wu, Xufei; Zou, Peng; Zheng, Chunyang; Wu, Guoan; Rudoff, Andy",dl.acm.org,,,10.14778/3565816.3565826,https://dl.acm.org/doi/abs/10.14778/3565816.3565826?casa_token=X1yTy1F-9LgAAAAA:889fNKjUgZqnlLyn32fymBiKGkf5iwHGyfdXoqENVXs6N-QuS3KAQu491Riu-XlEKblAj5oddAMql-A,"Non-Volatile Memory (NVM) has emerged as an alternative to next-generation main memories. Although many tree indices have been proposed for NVM, they generally use B+-tree-like structures. To further improve the performance of NVM-aware indices, we consider integrating learned indexes into NVM. The challenges of such an integration are two fold: (1) existing NVM indices rely on small nodes to accelerate insertions with crash consistency, but learned indices use huge nodes to obtain a flat structure. (2) the node structure of learned indices is not NVM friendly, meaning that accessing a learned node will cause multiple NVM block misses. Thus, in this paper, we propose a new persistent learned index called PLIN. The novelty of PLIN lies in four aspects: an NVM-aware data placement strategy, locally unordered and globally ordered leaf nodes, a model copy mechanism, and a hierarchical insertion strategy. In addition, PLIN is proposed for the NVM-only architecture, which can support instant recovery. We also present optimistic concurrency control and fine-grained locking mechanisms to make PLIN scalable to concurrent requests. We conduct experiments on real persistent memory with various workloads and compare PLIN with APEX, PACtree, ROART, TLBtree, and Fast&Fair. The results show that PLIN achieves 2.08x higher insertion performance and 4.42x higher query performance than its competitors on average. Meanwhile, PLIN only needs ∼30 s to recover from a system crash.",1905-07,2025-12-21 21:44:04,2025-12-21 21:44:04,,243-255,,2,16,,,,,,,,,,,,,,,,,Publisher: VLDB Endowment,,,,,,,,,,,,,,,,,,,,,,,,,,,,,,,,,,,,,,,,,,,,,,,,,,,
42,42,Novel Index Design (Research Prototype),42,42,325,"SLIN: A CPU-efficient, Hybrid Tree and Learned Index for String Data",,,AFDT32NI,journalArticle,2025,"Song, Yuanyuan; Cai, Miao; Ye, Baoliu; Cheng, Guo",dl.acm.org,,9798400710445,10.1145/3705374.3705382,https://dl.acm.org/doi/abs/10.1145/3705374.3705382?casa_token=HENluqf04LgAAAAA:QAV5jHA4YkAqEZUOUjzTtwYL3wvryosnMZjY2EWdpmSjed-lHbNLJB3YKwbGaSpSlHOci1AuKIe9HLk,"The learned index is a disruptive technique for big data management. The core idea of the learned index is to retrofit the data indexing in traditional index structures with machine learning (ML) models, providing fast data position prediction instead of slow index tree traversal. Yet, current learned indexes focus on fix-sized numeric data and all of them perform poorly for variable-length string data for two main reasons: 1) high computational overheads caused by lengthy string key prediction; 2) large ML model fitting errors due to variance in string prefixes. This paper introduces SLIN, a CPU-efficient, hybrid index for variable-length string data. SLIN features a hybrid tree and learned index structure that leverages the strength of each index to overcome the above-mentioned challenges. It proposes a string slice approach which converts variable-length strings into fix-sized integers, which facilitates using one-dimensional linear regression for key prediction to reduce computational overheads. Furthermore, it extracts the common prefix from string keys to decrease model fitting errors. Finally, we propose a strategy to adaptively choose the appropriate index to manage computational costs. Evaluations compare SLIN with state-of-the-art index structures. The experimental results show that SLIN achieves up to 2.47x higher throughputs and relatively small fitting errors.",2025-02,2025-12-21 21:44:01,2025-12-21 21:44:01,,52-58,,,7,,,,,,,,,,,,,,,,,"Publisher: Association for Computing Machinery, Inc",,,,Learned index; String key; Hybrid index,,,,,,,,,,,,,,,,,,,,,,,,,,,,,,,,,,,,,,,,,,,,,,,
43,43,Novel Index Design (Research Prototype),43,43,326,LIFM: A Persistent Learned Index for Flash Memory,,,KQYHUX4W,journalArticle,,"Song, S; Jin, P; Chu, Z; …, Y Luo - 2023 IEEE 29th; 2023, undefined",ieeexplore.ieee.org,,,,https://ieeexplore.ieee.org/abstract/document/10476081/,,,2025-12-21 21:44:01,2025-12-21 21:44:01,,,,,,,,,,,,,,,,,,,,,,,,,,,,,,,,,,,,,,,,,,,,,,,,,,,,,,,,,,,,,,,,,,,,,,,,,
44,44,Foundational Proposal,44,89,652,Fiting-tree: A Data-aware Index Structure,,,5AZ6ZAWG,journalArticle,2019,"Galakatos, Alex; Markovitch, Michael; Binnig, Carsten; Fonseca, Rodrigo; Kraska, Tim",Proceedings of the ACM SIGMOD International Conference on Management of Data,,9781450356435,10.1145/3299869.3319860,https://arxiv.org/pdf/1801.10207,"Index structures are one of the most important tools that DBAs leverage to improve the performance of analytics and transactional workloads. However, building several indexes over large datasets can often become prohibitive and consume valuable system resources. In fact, a recent study showed that indexes created as part of the TPC-C benchmark can account for 55% of the total memory available in a modern DBMS. This overhead consumes valuable and expensive main memory, and limits the amount of space available to store new data or process existing data. In this paper, we present a novel data-aware index structure called FITing-Tree which approximates an index using piece-wise linear functions with a bounded error specified at construction time. This error knob provides a tunable parameter that allows a DBA to FIT an index to a dataset and workload by being able to balance lookup performance and space consumption. To navigate this tradeoff, we provide a cost model that helps determine an appropriate error parameter given either (1) a lookup latency requirement (e.g., 500ns) or (2) a storage budget (e.g., 100MB). Using a variety of real-world datasets, we show that our index is able to provide performance that is comparable to full index structures while reducing the storage footprint by orders of magnitude.",2019-06,2025-12-23 8:25:01,2025-12-23 8:25:01,,1189-1206,,,,,,,,,,,,,,,,,,,,Publisher: Association for Computing Machinery,,,,,,,,,,,,,,,,,,,,,,,,,,,,,,,,,,,,,,,,,,,,,,,,,,,
45,45,Foundational Proposal,45,45,337,XIndex: a scalable learned index for multicore data storage,,,ZV7R89TY,journalArticle,2020,"Tang, Chuzhe; Wang, Youyun; Dong, Zhiyuan; Hu, Gansen; Wang, Zhaoguo; Wang, Minjie; Chen, Haibo",dl.acm.org,,9781450368186,10.1145/3332466.3374547,https://dl.acm.org/doi/abs/10.1145/3332466.3374547?casa_token=5d868KSHWx4AAAAA:WNtbIHb67VRHEl1vTg-JRor0TLeVb2R4JYlHnf1CprtbagoGIBz19eqgRRCsrAdqcoE8dC2m3uK8HLM,"We present XIndex, a concurrent ordered index designed for fast queries. Similar to a recent proposal of the learned index, XIndex uses learned models to optimize index efficiency. Comparing with the learned index, XIndex is able to effectively handle concurrent writes without affecting the query performance by leveraging fine-grained synchronization and a new compaction scheme, Two-Phase Compaction. Furthermore, XIndex adapts its structure according to runtime workload characteristics to support dynamic workload. We demonstrate the advantages of XIndex with both YCSB and TPC-C (KV), a TPC-C variant for key-value stores. XIndex achieves up to 3.2× and 4.4× performance improvement comparing with Masstree and Wormhole, respectively, on a 24-core machine, and it is open-sourced1",2020-02,2025-12-21 21:44:01,2025-12-21 21:44:01,,308-320,,,,,,,,,,,,,,,,,,,,Publisher: Association for Computing Machinery,,,,CCS Concepts; Information systems → Data struc-tures; Theory of computation → Concurrent algo-rithms,,,,,,,,,,,,,,,,,,,,,,,,,,,,,,,,,,,,,,,,,,,,,,,
46,46,System Integration,46,46,343,DALdex: A DPU-Accelerated Persistent Learned Index via Incremental Learning,,,VKJYVK3P,journalArticle,2025,"Tong, Aoyang; Hua, Yu; Chen, Menglei",dl.acm.org,,9798400715372,10.1145/3721145.3725750,https://dl.acm.org/doi/abs/10.1145/3721145.3725750?casa_token=3Mk7X9Cq8EYAAAAA:6KFNPz-jxRPpNn-DJcGONRIXEY36a5oM8xflLXkfdN4yzm7O52DAHmE-ul-00Vdt4gIBg3rD0la_Cis,"The Data Process Unit (DPU) specializes in offloading CPU-intensive tasks and provides efficient fault tolerance through hardware-level isolation. This brings unique opportunities to develop persistent indexes with high performance and availability in High Performance Computing (HPC) systems. The recent learned index exploits machine learning models to efficiently fit data distributions, exhibiting superior performance and low storage costs, which is a promising alternative to traditional tree-based range indexes. However, state-of-the-art persistent learned indexes suffer from costly model retrainings and inefficient recovery mechanisms based on Non-Volatile Memory (NVM), making them inefficient to be offloaded to DPUs.To address these challenges, we propose DALdex, a CPU-DPU hybrid persistent learned index with high performance and availability. To mitigate model retraining overheads, DALdex offloads retraining tasks to DPU based on the incremental learning scheme. To minimize NVM amplifications, DALdex designs an NVM-friendly index structure that is decoupled into a DRAM-accelerated model layer and an NVM-aware block layer. Moreover, DALdex utilizes the hardware isolation feature of DPU to achieve seamless failover and instant recovery via the PCIe bus. Extensive evaluation results demonstrate that DALdex outperforms state-of-the-art persistent indexes by 1.07-6.34 × with minimal DRAM and NVM overheads. The open-source code of DALdex is available at https://github.com/CitySkylines/DALdex.",2025-08,2025-12-21 21:44:01,2025-12-21 21:44:01,,535-549,,,Part of 213821,,,,,,,,,,,,,,,,,Publisher: Association for Computing Machinery,,,,Learned Index; Data Process Unit; Non-Volatile Memory,,,,,,,,,,,,,,,,,,,,,,,,,,,,,,,,,,,,,,,,,,,,,,,
47,47,Novel Index Design (Research Prototype),47,47,357,Accelerating string-key learned index structures via memoization-based incremental training,,,NF2UQMF4,journalArticle,2024,"Wang, Zhonghua; Ding, Chen; Wan, Jiguang; Tan, Zhihu; Xie, Changsheng; Wuhan, The; Ding, C; Lu, K; Wan, J; Tan, Z; Xie, C; Li, G; Song, Fengguang; Lu, Kai; Li, Guokuan",arxiv.org,,,10.1145/3634915,https://arxiv.org/abs/2403.11472,"Learned Index, which utilizes effective machine learning models to accelerate locating sorted data positions, has gained increasing attention in many big data scenarios. Using efficient learned models, the learned indexes build large nodes and flat structures, thereby greatly improving the performance. However, most of the state-of-the-art learned indexes are designed for DRAM, and there is hence an urgent need to enable high-performance learned indexes for emerging Non-Volatile Memory (NVM). In this article, we first evaluate and analyze the performance of the existing learned indexes on NVM. We discover that these learned indexes encounter severe write amplification and write performance degradation due to the requirements of maintaining large sorted/semi-sorted data nodes. To tackle the problems, we propose a novel three-tiered architecture of write-optimized persistent learned index, which is named WIPE, by adopting unsorted fine-granularity data nodes to achieve high write performance on NVM. Thereinto, we devise a new root node construction algorithm to accelerate searching numerous small data nodes. The algorithm ensures stable flat structure and high read performance in large-size datasets by introducing an intermediate layer (i.e., index nodes) and achieving accurate prediction of index node positions from the root node. Our extensive experiments on Intel DCPMM show that WIPE can improve write throughput and read throughput by up to 3.9× and 7×, respectively, compared to the state-of-the-art learned indexes. Also, WIPE can recover from a system crash in ∼ 18ms. WIPE is free as an open-source software package. 1 CCS Concepts: • Computer systems organization → Architectures; • Hardware → Non-volatile memory ; • Information systems → Data structures; Additional Key Words and Phrases: NVM-based learned index, learned index, persistent index, key-value store 1 https://github.com/olemon111/WIPE",2024-02,2025-12-21 21:44:01,2025-12-21 21:44:01,,,,2,1,,,,,,,,,,,,,,,,,Publisher: Association for Computing Machinery,,,,learned index; key-value store; NVM-based learned index; persistent index,,,,,,,,,,,,,,,,,,,,,,,,,,,,,,,,,,,,,,,,,,,,,,,
48,48,Novel Index Design (Research Prototype),48,48,358,SIndex: a scalable learned index for string keys,,,64ISSEKL,journalArticle,2020,"Wang, Youyun; Tang, Chuzhe; Wang, Zhaoguo; Chen, Haibo",dl.acm.org,,9781450380690,10.1145/3409963.3410496,https://dl.acm.org/doi/abs/10.1145/3409963.3410496?casa_token=i4ucXQMJ--sAAAAA:JCTWwrkC4l788CCu01JH2r7dnrLhhfOwAiSlQrt6xlIPSa6Oiswz59g8tFJyY30sZwWD111grDgZ8XQ,"The learned index structures have reshaped our perspectives on the design of traditional data structures. With machine learning (ML) techniques, they can achieve better lookup performance than existing indexes. However, current learned indexes primarily focus on integer-key workloads and failed to efficiently index variable-length string keys. We introduce SIndex, a concurrent learned index specialized in variable-length string key workloads. To reduce the cost of model inference and data accesses, SIndex groups keys with shared prefixes and use each key's unique part for model training. We evaluate SIndex with both real-world and synthesized datasets. The result shows that SIndex can achieve up to 91% better performance compared with other state-of-the-art index structures. We have open-sourced our implementation1.",2020-08,2025-12-21 21:44:01,2025-12-21 21:44:01,,17-24,,,,,,,,,,,,,,,,,,,,Publisher: Association for Computing Machinery,,,,Data structures; CCS CONCEPTS •; Information systems →,,,,,,,,,,,,,,,,,,,,,,,,,,,,,,,,,,,,,,,,,,,,,,,
49,49,System Integration,49,49,359,LearnedKV: Integrating LSM and Learned Index for Superior Performance on SSD,,,8S237PFX,journalArticle,2024,"Wang, Wenlong; Du, David Hung-Chang",,,,,http://arxiv.org/abs/2406.18892,"In this paper, we introduce LearnedKV, a novel tiered key-value (KV) store that seamlessly integrates a Log-Structured Merge (LSM) tree with a Learned Index. This integration yields superior read and write performance compared to standalone indexing structures on SSDs. Our design capitalizes on the LSM tree's high write/update throughput and the Learned Index's fast read capabilities, enabling each component to leverage its strengths. We analyze the impact of size on LSM tree performance and demonstrate how the tiered Learned Index significantly mitigates the LSM tree's size-related performance degradation, particularly by reducing the intensive I/O operations resulting from re-insertions after Garbage Collection (GC). To maintain rapid read performance for newly inserted keys, we introduce a non-blocking conversion mechanism that efficiently transforms the existing LSM tree into a new Learned Index with minimal overhead during GC. Our experimental results, conducted across diverse workloads, show that LearnedKV outperforms state-of-the-art solutions by up to 1.32x in read requests and 1.31x in write performance.",1905-07,2025-12-21 21:44:01,2025-12-21 21:44:01,,,,,,,,,,,,,,,,,,,,,,,,,,,,,,,,,,,,,,,,,,,,,,,,,,,,,,,,,,,,,,,,,,,,,,,,,
50,50,System Integration,50,50,360,SwiftKV: A Metadata Indexing Scheme Integrating LSM-Tree and Learned Index for Distributed KV Stores,,,E4U9IBZJ,journalArticle,,"Wang, Z; Feng, J; Dun, L; Bao, Z; Internet, C Du - Future; 2025, undefined",mdpi.com,,,,https://www.mdpi.com/1999-5903/17/9/398,,,2025-12-21 21:44:01,2025-12-21 21:44:01,,,,,,,,,,,,,,,,,,,,,,,,,,,,,,,,,,,,,,,,,,,,,,,,,,,,,,,,,,,,,,,,,,,,,,,,,
51,51,System Integration,51,87,649,From wisckey to bourbon: A learned index for log-structured merge trees,,,BZXS3XHS,journalArticle,2020,"Dai, Yifan; Xu, Yien; Ganesan, Aishwarya; Alagappan, Ramnatthan; Kroth, Brian; Arpaci-Dusseau, Andrea C.; Arpaci-Dusseau, Remzi H.","Proceedings of the 14th USENIX Symposium on Operating Systems Design and Implementation, OSDI 2020",,9781939133199,,https://arxiv.org/pdf/2005.14213,"We introduce BOURBON, a log-structured merge (LSM) tree that utilizes machine learning to provide fast lookups. We base the design and implementation of BOURBON on empirically-grounded principles that we derive through careful analysis of LSM design. BOURBON employs greedy piecewise linear regression to learn key distributions, enabling fast lookup with minimal computation, and applies a cost-benefit strategy to decide when learning will be worthwhile. Through a series of experiments on both synthetic and real-world datasets, we show that BOURBON improves lookup performance by 1.23×-1.78× as compared to state-of-the-art production LSMs.",1905-07,2025-12-23 8:25:01,2025-12-23 8:25:01,,155-171,,,,,,,,,,,,,,,,,,,,Publisher: USENIX Association,,,,,,,,,,,,,,,,,,,,,,,,,,,,,,,,,,,,,,,,,,,,,,,,,,,
52,52,Novel Index Design (Research Prototype),52,52,363,High Performance or Low Memory? An Updatable Learned Index Framework for Time-Space Tradeoff,,,85YRXJEG,journalArticle,2025,"Wang, H; Wang, X; Ge, J; Chai, Y; …, L Liang - Proceedings of the ACM on; 2025, undefined",dl.acm.org,,,10.1145/3769800,https://dl.acm.org/doi/abs/10.1145/3769800?casa_token=mzUu4KbUnaIAAAAA:BzaRW3BjEIf4IqMANGnwYnCoQs4CCYqaSttGH_CxJrOnt9WEDbXxVDGBoOXRRr3yoMe2J7s_4el3Ax8,"<p>The first generation of learned indexes inherently achieved lower space overhead than traditional index structures, establishing this advantage as one of the pivotal research directions in index optimization. However, in their pursuit of peak performance, designers often significantly increase space overhead, which becomes infeasible in scenarios with limited storage space. Furthermore, the design of current learned indexes optimized for time-space tradeoff is flawed, as they collapse catastrophically under prevalent dense or duplicate insertion workloads. To address these challenges, we first quantitatively analyze the time-space correlation characteristics of learned indexes from a theoretical perspective and identify the core influencing factors. Based on this, time-space cost minimization function models are established and an updatable learned index framework, LIFT, is constructed. Furthermore, LIFT incorporates specifically designed structural adjustment mechanisms to effectively counter existing poisoning attacks, significantly enhancing index robustness without increasing time-space cost. Evaluation results demonstrate that LIFT consistently achieves the optimal time-space tradeoff across various workloads and datasets, outperforming all other state-of-the-art indexes.</p>",2025-12,2025-12-21 21:44:01,2025-12-21 21:44:01,,1-26,,6,3,,,,,,,,,,,,,,,,,,,,,learned index; database; cost model; time-space tradeoff,,,,,,,,,,,,,,,,,,,,,,,,,,,,,,,,,,,,,,,,,,,,,,,
53,53,System Integration,53,53,365,Leaderkv: Improving read performance of kv stores via learned index and decoupled kv table,,,Z6SWXVQM,journalArticle,,"Wang, Y; Yuan, J; Wu, S; Liu, H; …, J Chen - 2024 IEEE 40th; 2024, undefined",ieeexplore.ieee.org,,,,https://ieeexplore.ieee.org/abstract/document/10597902/,,,2025-12-21 21:44:01,2025-12-21 21:44:01,,,,,,,,,,,,,,,,,,,,,,,,,,,,,,,,,,,,,,,,,,,,,,,,,,,,,,,,,,,,,,,,,,,,,,,,,
54,54,System Integration,54,54,372,ShapeShifter: Workload-Aware Adaptive Evolving Index Structures Based on Learned Models,,,K4Q7JK6K,journalArticle,2025,"Wang, Hui; Wang, Xin; Ge, Jiake; Liang, Lei; Yi, Peng",dl.acm.org,,9798400712746,10.1145/3696410.3714681,https://dl.acm.org/doi/abs/10.1145/3696410.3714681?casa_token=dn1BqVQQJ1AAAAAA:Qu3bglY4FWJFXN-b1IH_yUGSff2Ql56Kv2-IX_jx4e1So3DZ4krrcQ5-JNw0eP3rp1zL3tczlaetz-A,"In real-world tasks like data management and Web search, index operations often exhibit strong skewness, unlike standard benchmarks with uniform data distribution. While learned indexes improve query and update efficiency, they typically fail to address the skewed workload access, often prioritizing a single performance metric at the cost of overall index effectiveness. Additionally, the full reliance on learned models can increase vulnerability to attacks, compromising system stability. To address these challenges, we propose ShapeShifter, an adaptive evolutionary structure based on traditional indexes, capable of dynamically adjusting node structures according to the workload. ShapeShifter introduces a node evolution strategy with workload-skew-aware policies to adaptively adjust and optimize the partial index structure, leveraging a hybrid mechanism that combines traditional and learned structures for robust performance and optimal time-space tradeoff under skewed workloads and extreme data conditions. The evaluation results show that ShapeShifter achieves the optimal tradeoff while maintaining robustness.",2025-04,2025-12-21 21:44:02,2025-12-21 21:44:02,,4111-4123,,,,,,,,,,,,,,,,,,,,"Publisher: Association for Computing Machinery, Inc",,,,data management; evolving strategy; index structure; learned model; web search engine,,,,,,,,,,,,,,,,,,,,,,,,,,,,,,,,,,,,,,,,,,,,,,,
55,55,System Integration,55,55,391,XStore: Fast RDMA-Based Ordered Key-Value Store Using Remote Learned Cache,,,JVJM626Z,journalArticle,2021,"Wei, Xingda; Chen, Rong; Chen, Haibo; Zang, Binyu",dl.acm.org,,,10.1145/3468520,https://dl.acm.org/doi/abs/10.1145/3468520?casa_token=lx5kJp0j_DEAAAAA:oStfeOH17mBDktmxjl8bPTyuwWYdn-Wuv8OQ4q6dWrLO9lqnfDrGFuv9sho6Q9o5NA4fi7-ak8ICbWc,"RDMA (Remote Direct Memory Access) has gained considerable interests in network-attached in-memory key-value stores. However, traversing the remote tree-based index in ordered key-value stores with RDMA becomes a critical obstacle, causing an order-of-magnitude slowdown and limited scalability due to multiple round trips. Using index cache with conventional wisdom - caching partial data and traversing them locally - usually leads to limited effect because of unavoidable capacity misses, massive random accesses, and costly cache invalidations. We argue that the machine learning (ML) model is a perfect cache structure for the tree-based index, termed learned cache. Based on it, we design and implement XStore, an RDMA-based ordered key-value store with a new hybrid architecture that retains a tree-based index at the server to perform dynamic workloads (e.g., inserts) and leverages a learned cache at the client to perform static workloads (e.g., gets and scans). The key idea is to decouple ML model retraining from index updating by maintaining a layer of indirection from logical to actual positions of key-value pairs. It allows a stale learned cache to continue predicting a correct position for a lookup key. XStore ensures correctness using a validation mechanism with a fallback path and further uses speculative execution to minimize the cost of cache misses. Evaluations with YCSB benchmarks and production workloads show that a single XStore server can achieve over 80 million read-only requests per second. This number outperforms state-of-the-art RDMA-based ordered key-value stores (namely, DrTM-Tree, Cell, and eRPC+Masstree) by up to 5.9× (from 3.7×). For workloads with inserts, XStore still provides up to 3.5× (from 2.7×) throughput speedup, achieving 53M reqs/s. The learned cache can also reduce client-side memory usage and further provides an efficient memory-performance tradeoff, e.g., saving 99% memory at the cost of 20% peak throughput.",2021-08,2025-12-21 21:44:02,2025-12-21 21:44:02,,,,3,17,,,,,,,,,,,,,,,,,Publisher: Association for Computing Machinery,,,,index caching; machine learning model; RDMA-based key-value store; tree-based index structure,,,,,,,,,,,,,,,,,,,,,,,,,,,,,,,,,,,,,,,,,,,,,,,
56,56,Industrial / Production Deployment,56,85,634,Learned Indexes for a Google-scale Disk-based Database,,,YXXPFD26,journalArticle,2020,"Abu-Libdeh, Hussam; Altınbüken, Deniz; Beutel, Alex; Chi, Ed H.; Doshi, Lyric; Kraska, Tim; Xiaozhou; Li; Ly, Andy; Olston, Christopher",,,,,https://arxiv.org/pdf/2012.12501,"There is great excitement about learned index structures, but understandable skepticism about the practicality of a new method uprooting decades of research on B-Trees. In this paper, we work to remove some of that uncertainty by demonstrating how a learned index can be integrated in a distributed, disk-based database system: Google's Bigtable. We detail several design decisions we made to integrate learned indexes in Bigtable. Our results show that integrating learned index significantly improves the end-to-end read latency and throughput for Bigtable.",2020-12,2025-12-23 8:25:01,2025-12-23 8:25:01,,,,,,,,,,,,,,,,,,,,,,,,,,,,,,,,,,,,,,,,,,,,,,,,,,,,,,,,,,,,,,,,,,,,,,,,,
57,57,Novel Index Design (Research Prototype),57,57,401,NFL: robust learned index via distribution transformation,,,3CEAFRTG,journalArticle,,"Wu, S; Cui, Y; Yu, J; Sun, X; Kuo, TW; arXiv, CJ Xue - arXiv preprint; 2022, undefined",arxiv.org,,,,https://arxiv.org/abs/2205.11807,"Recent works on learned index open a new direction for the indexing field. The key insight of the learned index is to approximate the mapping between keys and positions with piece-wise linear functions. Such methods require partitioning key space for a better approximation. Although lots of heuristics are proposed to improve the approximation quality, the bottleneck is that the segmentation overheads could hinder the overall performance. This paper tackles the approximation problem by applying a \textit{distribution transformation} to the keys before constructing the learned index. A two-stage Normalizing-Flow-based Learned index framework (NFL) is proposed, which first transforms the original complex key distribution into a near-uniform distribution, then builds a learned index leveraging the transformed keys. For effective distribution transformation, we propose a Numerical Normalizing Flow (Numerical NF). Based on the characteristics of the transformed keys, we propose a robust After-Flow Learned Index (AFLI). To validate the performance, comprehensive evaluations are conducted on both synthetic and real-world workloads, which shows that the proposed NFL produces the highest throughput and the lowest tail latency compared to the state-of-the-art learned indexes.",,2025-12-21 21:44:02,2025-12-21 21:44:02,,,,,,,,,,,,,,,,,,,,,,,,,,,,,,,,,,,,,,,,,,,,,,,,,,,,,,,,,,,,,,,,,,,,,,,,,
58,58,Novel Index Design (Research Prototype),58,84,611,The Concurrent Learned Indexes for Multicore Data Storage,,,L6C6AKJF,journalArticle,2022,"Wang, Zhaoguo; Chen, Haibo; Wang, Youyun; Tang, Chuzhe; Wang, Huan",ACM Transactions on Storage,,,10.1145/3478289,,"We present XIndex, which is a concurrent index library and designed for fast queries. It includes a concurrent ordered index (XIndex-R) and a concurrent hash index (XIndex-H). Similar to a recent proposal of the learned index, the indexes in XIndex use learned models to optimize index efficiency. Compared with the learned index, for the ordered index, XIndex-R is able to handle concurrent writes effectively and adapts its structure according to runtime workload characteristics. For the hash index, XIndex-H is able to avoid the resize operation blocking concurrent writes. Furthermore, the indexes in XIndex can index string keys much more efficiently than the learned index. We demonstrate the advantages of XIndex with YCSB, TPC-C (KV), which is a TPC-C-inspired benchmark for key-value stores, and micro-benchmarks. Compared with ordered indexes of Masstree and Wormhole, XIndex-R achieves up to 3.2× and 4.4× performance improvement on a 24-core machine. Compared with hash indexes of Intel TBB HashMap, XIndex-H achieves up to 3.1× speedup. The performance further improves by 91% after adding the optimizations on indexing string keys. The library is open-sourced.1",2022-02,2025-12-21 20:03:11,2025-12-21 20:03:11,,,,1,18,,,,,,,,,,,,,,,,,Publisher: Association for Computing Machinery,,,,indexing; concurrent algorithms; Learned indexes,,,,,,,,,,,,,,,,,,,,,,,,,,,,,,,,,,,,,,,,,,,,,,,
59,59,Novel Index Design (Research Prototype),59,59,415,LITS: An Optimized Learned Index for Strings (An Extended Version),,,KIBDQ9N9,journalArticle,2024,"Yang, Yifan; Chen, Shimin",,,,,https://arxiv.org/pdf/2407.11556,"Index is an important component in database systems. Learned indexes have been shown to outperform traditional tree-based index structures for fixed-sized integer or floating point keys. However, the application of the learned solution to variable-length string keys is under-researched. Our experiments show that existing learned indexes for strings fail to outperform traditional string indexes, such as HOT and ART. String keys are long and variable sized, and often contain skewed prefixes, which make the last-mile search expensive, and adversely impact the capability of learned models to capture the skewed distribution of string keys. In this paper, we propose a novel learned index for string keys, LITS (Learned Index with Hash-enhanced Prefix Table and Sub-tries). We propose an optimized learned model, combining a global Hash-enhanced Prefix Table (HPT) and a per-node local linear model to better distinguish string keys. Moreover, LITS exploits compact leaf nodes and hybrid structures with a PMSS model for efficient point and range operations. Our experimental results using eleven string data sets show that LITS achieves up to 2.43x and 2.27x improvement over HOT and ART for point operations, and attains comparable scan performance.",2024-07,2025-12-21 21:44:03,2025-12-21 21:44:03,,,,,,,,,,,,,,,,,,,,,,,,,,,,,,,,,,,,,,,,,,,,,,,,,,,,,,,,,,,,,,,,,,,,,,,,,
60,60,Novel Index Design (Research Prototype),60,83,610,WIPE: A Write-Optimized Learned Index for Persistent Memory,,,3TJCWGUP,journalArticle,2024,"Wang, Zhonghua; Ding, Chen; Song, Fengguang; Lu, Kai; Wan, Jiguang; Tan, Zhihu; Xie, Changsheng; Li, Guokuan",ACM Transactions on Architecture and Code Optimization,,,10.1145/3634915,,"Learned Index, which utilizes effective machine learning models to accelerate locating sorted data positions, has gained increasing attention in many big data scenarios. Using efficient learned models, the learned indexes build large nodes and flat structures, thereby greatly improving the performance. However, most of the state-of-the-art learned indexes are designed for DRAM, and there is hence an urgent need to enable high-performance learned indexes for emerging Non-Volatile Memory (NVM). In this article, we first evaluate and analyze the performance of the existing learned indexes on NVM. We discover that these learned indexes encounter severe write amplification and write performance degradation due to the requirements of maintaining large sorted/semi-sorted data nodes. To tackle the problems, we propose a novel three-tiered architecture of write-optimized persistent learned index, which is named WIPE, by adopting unsorted fine-granularity data nodes to achieve high write performance on NVM. Thereinto, we devise a new root node construction algorithm to accelerate searching numerous small data nodes. The algorithm ensures stable flat structure and high read performance in large-size datasets by introducing an intermediate layer (i.e., index nodes) and achieving accurate prediction of index node positions from the root node. Our extensive experiments on Intel DCPMM show that WIPE can improve write throughput and read throughput by up to 3.9× and 7×, respectively, compared to the state-of-the-art learned indexes. Also, WIPE can recover from a system crash in ∼18 ms. WIPE is free as an open-source software package.",2024-02,2025-12-21 20:03:11,2025-12-21 20:03:11,,,,2,21,,,,,,,,,,,,,,,,,Publisher: Association for Computing Machinery,,,,learned index; key-value store; NVM-based learned index; persistent index,,,,,,,,,,,,,,,,,,,,,,,,,,,,,,,,,,,,,,,,,,,,,,,
61,61,Novel Index Design (Research Prototype),61,61,418,ALT-Index: A Hybrid Learned Index for Concurrent Memory Database Systems,,,HWLQ28RQ,journalArticle,,"Yang, Y; Wang, F; Lei, M; …, P Zhang - 2025 IEEE 41st; 2025, undefined",ieeexplore.ieee.org,,9798331536039,10.1109/ICDE65448.2025.00014,https://ieeexplore.ieee.org/abstract/document/11112964/,"The learned index technique has been widely explored as a strong competitor to traditional indexes. It adopts static learning-based models to fit the distribution of sorted data and locate keys through predictions, which shows outstanding query speed. However, frequent retraining is required when it comes to concurrent insertion scenarios. Despite existing studies introducing sparse slots and delta buffers to mitigate this effect, the read-write performance of the learned index still falls short of expectations, especially in concurrent conditions. In this paper, we first propose a novel hybrid index scheme that combines a read-efficient learned index with an insert-efficient Adaptive Radix Tree (ART) to realize high performance for read-write scenarios. However, it is not trivial due to expensive model prediction errors, complicated model hierarchy, and redundant node traversals. Therefore, we then introduce ALT-index, an efficient hybrid learned index with high concurrency for memory database systems. ALT-index highlights a delicate two-tier architecture where linear data are stored in the learned index without prediction errors and conflict data are hosted in the lower layer as an optimized ART. Besides, we develop a Greedy Pessimistic Linear (GPL) algorithm to support flattened data structures for concurrency. In the optimized ART layer, we introduce a fast and compact pointer buffer to further improve the overall performance. Experimental results conducted on various real-world datasets with 32 threads illustrate that ALT-index improves performance by up to 1.9x, 2.1x, and 2.3x compared with ALEX+, FINEdex, and XIndex in read-write-balanced scenarios, respectively.",,2025-12-21 21:44:03,2025-12-21 21:44:03,,,,,,,,,,,,,,,,,,,,,,,,,,Learned index; Index structure; Index Terms-Memory database,,,,,,,,,,,,,,,,,,,,,,,,,,,,,,,,,,,,,,,,,,,,,,,
62,62,Novel Index Design (Research Prototype),62,62,419,A Dynamic Characteristic Aware Index Structure Optimized for Real-world Datasets,,,APENF29T,journalArticle,2025,"Yang, Jin; Yoon, Heejin; Yun, Gyeongchan; Noh, Sam H.; Choi, Young Ri",dl.acm.org,,,10.1145/3707642,https://dl.acm.org/doi/abs/10.1145/3707642,"Many datasets in real life are complex and dynamic, that is, their key densities are varied over the whole key space and their key distributions change over time. It is challenging for an index structure to efficiently support all key operations for data management, in particular, search, insert, and scan, for such dynamic datasets. In this article, we present DyTIS (Dynamic dataset Targeted Index Structure), an index that targets dynamic datasets. DyTIS, although based on the structure of Extendible hashing, leverages the CDF of the key distribution of a dataset, and learns and adjusts its structure as the dataset grows. The key novelty behind DyTIS is to group keys by the natural key order and maintain keys in sorted order in each bucket to support scan operations within a hash index. We also define what we refer to as a dynamic dataset and propose a means to quantify its dynamic characteristics. Our experimental results show that DyTIS provides higher performance than the state-of-the-art learned index for the dynamic datasets considered. We also analyze the effects of the dynamic characteristics of datasets, including sequential datasets, as well as the effect of multiple threads on the performance of the indexes.",2025-02,2025-12-21 21:44:03,2025-12-21 21:44:03,,15-15,,2,21,,,,,,,,,,,,,,,,,Publisher: Association for Computing Machinery,,,,index structure; Additional Key Words and PhrasesDynamic datasets; key distribution,,,,,,,,,,,,,,,,,,,,,,,,,,,,,,,,,,,,,,,,,,,,,,,
63,63,System Integration,63,82,609,TieredKV: A Tiered LSM-Learned Index Design for Superior Performance on Storage,,,RVUHRXKG,journalArticle,2025,"Wang, Wenlong; Du, David Hung Chang","Proceedings of the 18th ACM International Systems and Storage Conference, SYSTOR 2025",,9798400721199,10.1145/3757347.3759135,,"We present TieredKV, a novel tiered key-value store that seamlessly integrates a Log-Structured Merge (LSM) tree with a Learned Index to achieve superior read and write performance on storage systems. While existing approaches use learned indexes primarily as auxiliary components within LSM trees, TieredKV employs a two-tier design where the LSM tree handles recent write operations while a separate Learned Index accelerates read performance. Our design includes a non-blocking conversion mechanism that efficiently transforms LSM data into a Learned Index during garbage collection, maintaining high performance without interrupting operations. TieredKV dramatically reduces LSM size through this tiered approach, leading to significant performance gains in both reads and writes. Extensive evaluations across diverse workloads show that TieredKV outperforms state-of-the-art LSM-based solutions by up to 4.32x for read operations and 1.43x for writes, and achieves up to 7.9x better overall performance compared with on-storage Learned Index. The system demonstrates robust performance across different data distributions, access patterns, and storage media including both SSDs and HDDs.",2025-09,2025-12-21 20:03:11,2025-12-21 20:03:11,,107-121,,,,,,,,,,,,,,,,,,,,"Publisher: Association for Computing Machinery, Inc",,,,Key-Value Store; Learned Index; Log-Structured Merge Tree; Storage System,,,,,,,,,,,,,,,,,,,,,,,,,,,,,,,,,,,,,,,,,,,,,,,
64,64,Novel Index Design (Research Prototype),64,64,439,DTtree: A Novel Read/Write-Optimized Learned Index for Database Systems,,,Y38GJE9P,journalArticle,,"Yu, Z; Jin, P; Chu, Z; Luo, Y; …, X Wang - 2023 IEEE 29th; 2023, undefined",ieeexplore.ieee.org,,,,https://ieeexplore.ieee.org/abstract/document/10476270/,"This paper proposes a novel learned index called DTtree that can optimize both read and write performance. DTtree adopts two novel designs. (1) To improve write performance, DTtree uses a dynamic filling rate and overflow buffers for each leaf node. The filling rate of a leaf node is dynamically determined according to the read/write tendency of the leaf node so as to improve space efficiency and reduce structure modification operations. In addition, DTtree uses an overflow buffer for a line in each leaf node. The overflow buffer is also dynamically allocated, and only write-intensive leaf nodes may have overflow buffers, reducing unnecessary space costs. (2) To improve read performance, we propose an in-node hot cache to cache hot records within a line of a leaf node, reducing additional memory access to the overflow buffer. As skewed access is common in real-world applications, using in-node hot caches can efficiently improve the read performance of DTtree. We experimentally evaluate DTtree on three datasets. The results on various workloads show that DTtree can reduce SMO operations effectively and achieve higher read/write performance than B+-tree and two representative learned indexes, PGM-Index and ALEX.",,2025-12-21 21:44:03,2025-12-21 21:44:03,,,,,,,,,,,,,,,,,,,,,,,,,,,,,,,,,,,,,,,,,,,,,,,,,,,,,,,,,,,,,,,,,,,,,,,,,
65,67,Novel Index Design (Research Prototype),67,67,451,Making in-memory learned indexes efficient on disk,,,RIZIHE6S,journalArticle,2024,"Zhang, Jiaoyi; Su, Kai; Zhang, Huanchen",dl.acm.org,,10.1145/3654954,10.1145/3654954,https://dl.acm.org/doi/abs/10.1145/3654954,"Learned indexes have been demonstrated to outperform traditional ones in memory-resident scenarios. However, recent studies show that they fail to outperform B+tree when extended to disks directly. In this paper, we argue that it is feasible to create efficient disk-based learned indexes by applying a set of general transformations and optimizations to existing in-memory ones. Through theoretical analysis and controlled experiments, we propose six transformation guidelines applicable to various state-of-the-art learned index structures to fully leverage the characteristics of disk storage. Our evaluation shows that the indexes developed by applying our guidelines achieve a Pareto improvement in both throughput and space efficiency compared to the traditional B+tree and previous implementations of disk-based learned indexes.",2024-05,2025-12-21 21:44:04,2025-12-21 21:44:04,,26-26,,3,2,,,,,,,,,,,,,,,,,Publisher: Entomological Society of America,,,,learned indexes; disk-based indexes,,,,,,,,,,,,,,,,,,,,,,,,,,,,,,,,,,,,,,,,,,,,,,,